question_id,industry_type,question_text,topic_category,option_type,difficulty_level,report_section,learning_objective,question_note,option_A,option_A_note,option_B,option_B_note,option_C,option_C_note,option_D,option_D_note,option_E,option_E_note,follow_up,allow_custom_answer,allow_skip,free_answer_note,report_topic,learning_goal,answer_tags,
S000,餐飲業,什麼是溫室氣體？,ESG 教學導入,multi_learning,teaching,ESG 教學導入,認識溫室氣體種類與餐飲日常的關聯性,餐飲業常見的碳排來源其實都是溫室氣體，例如瓦斯使用、電力耗用、廚餘與冷氣。所謂溫室氣體，是指會造成地球暖化的氣體，不只二氧化碳，還包括甲烷、氧化亞氮、冷媒等。了解這些氣體從哪裡來、和餐廳營運有何關聯，是開始碳盤查與 ESG 的第一步。,CO₂,二氧化碳，最常見，來自電力與瓦斯燃燒,CH₄,甲烷，來自廚餘、油水分離不當或廢棄物處理,N₂O,氧化亞氮，高溫烹飪或烘焙可能產生,HFCs,氫氟碳化物，常見於冷凍櫃或空調設備的冷媒,SF₆,六氟化硫，雖少見但存在於某些高壓或特殊設備,哪些排放來自廚房？哪些是冷氣與冷藏？,FALSE,TRUE,看完說明即可繼續,ESG 認知導入,建立用戶對常見溫室氣體種類與來源的基礎理解,"ESG基礎, 餐飲業排放, 教學題",
S001,餐飲業,碳盤查是什麼？,ESG 教學導入,multi_learning,teaching,ESG 教學導入,建立對碳盤查的完整結構與流程概念,「碳盤查」不是寫報告而已，而是釐清一間餐廳在營運中每個會產生碳排的環節，包含用電、瓦斯、食材運輸、包裝與廢棄物處理。這些排放會依據來源被歸類為不同「範疇」。從了解組織範圍開始，建立一套可持續追蹤的盤查機制，是 ESG 實務的基礎。,哪些活動算排放,用電、燃氣、食材、物流、垃圾等皆屬於排放活動,該從哪裡開始,從組織邊界開始界定，如是單店或連鎖，再盤點能源與原物料使用,有沒有工具輔助,可使用 Excel 模板或免費試算表記錄數據,是政府規定嗎,有些補助申請、供應鏈要求會附帶碳盤查規範,與碳足跡差在哪,碳盤查看整體營運，碳足跡看單一產品或服務,怎麼定義範疇一、二、三？,FALSE,TRUE,不懂也沒關係，看完選項即可,ESG 認知導入,建立碳盤查流程的邏輯結構與企業操作認知,"碳盤查流程, 餐飲排放活動, ESG教學",
S002,餐飲業,碳足跡是什麼？,ESG 教學導入,multi_learning,teaching,ESG 教學導入,認識產品或服務在不同階段產生的碳排放總量,「碳足跡」是產品或服務從原料、生產、使用到廢棄整個生命週期所產生的總碳排放。以一個便當為例，碳足跡會包含食材的產地與運輸、烹飪時的瓦斯、使用的包裝、甚至顧客吃完後丟垃圾的過程。它常應用於產品標示或環境溝通，是從單位產品視角看 ESG 的方式。,哪些流程納入計算,含原料採購、製備、配送、使用、廢棄等五階段,和碳盤查一樣嗎,碳盤查針對公司營運，碳足跡針對單一商品或行為,餐廳能自己做嗎,可透過 Excel 工具加上碳排因子估算,有實際用途嗎,可應用於產品訴求、碳標籤、食材採購或教育顧客,和顧客有關嗎,是的，外送、包裝選擇與顧客行為都會影響總碳排,怎麼開始計算一道菜的碳足跡？,FALSE,TRUE,可先用試算表簡單估算,ESG 計算概念,建立產品導向的碳管理與品牌溝通邏輯,"餐飲碳足跡, 生命周期, ESG商品化",
S003,餐飲業,誰需要做碳盤查或碳足跡？,ESG 教學導入,multi_learning,teaching,ESG 教學導入,協助企業判斷推動 ESG 或碳盤查的情境與誘因,並非只有大企業才要做碳盤查。若你是加盟品牌、有外送服務、有中央廚房、申請政府補助、或面對 ESG 要求的供應鏈，你就可能需要。就算不是被要求，若想改善效率、提升品牌，也可以主動進行。透過這題，你可以快速判斷自己的情境是否需要進行 ESG 相關盤查。,連鎖品牌,有中央廚房、多據點與統一採購，更應建立碳排盤查機制,外送服務,外送車輛與包裝行為會帶來額外碳排，值得記錄與改善,政府補助,很多補助都要求提供碳盤查或排放佐證,供應鏈要求,供應商品牌要求提供 ESG 文件與減碳證明,自主改善,主動導入碳盤查可改善營運與形象，爭取更多 ESG 資源,小型餐廳是否也該做？,FALSE,TRUE,看說明後再評估適用與否,ESG 推動時機,協助企業判斷推動 ESG 或碳盤查的情境與誘因,"ESG時機, 合規壓力, 餐飲實務導入",
S004,餐飲業,碳盤查與碳足跡的用意是什麼？,ESG 教學導入,multi_learning,teaching,ESG 教學導入,建立 ESG 行動背後的價值誘因與轉型機會,許多餐廳以為做 ESG 只是為了法規，但實際上碳盤查與碳足跡能幫助你了解哪裡最耗能、哪裡可以節省成本，甚至打造「低碳品牌形象」。本題將告訴你這些盤查行為背後的實質效益，讓你知道 ESG 並非只有義務，更是未來營運升級的策略。,提高效率,找出用電、瓦斯、運輸等資源浪費的環節並改善,品牌形象,傳達環保承諾，有助吸引重視永續的顧客與員工,合規因應,應對即將上路的碳費、碳揭露或供應鏈 ESG 查核,爭取補助,許多政府補助計畫將 ESG 作為申請門檻之一,ESG 策略規劃,可作為永續採購、菜單設計與供應商選擇的依據,ESG 能帶來哪些實質幫助？,FALSE,TRUE,看完每個面向可釐清整體脈絡,ESG 動機與效益,建立 ESG 行動背後的價值誘因與轉型機會,"ESG效益, 餐廳節能, 品牌形象提升",
B001,餐飲業,餐廳的規模？,邊界設定與組織資訊,single,beginner,組織現況分析,理解公司組織結構與規模對盤查邊界的影響,餐廳規模影響碳盤查範圍與管理方式。小型餐廳通常僅需記錄單一店面的能源使用和食材消耗，而連鎖餐廳則需整合各門市的數據，甚至納入中央廚房、物流運輸等。規模越大，所需的數據整合與報告機制越複雜。,1-10人,小型餐廳，碳盤查範圍主要聚焦在用電與食材消耗，數據較易收集。,11-50人,中型餐廳，可能涉及多點營運，需管理各分店數據。,51-200人,大型餐飲品牌，需考慮供應鏈碳排放，如物流與中央廚房。,201人以上,企業級連鎖餐飲，應建立碳管理團隊，涵蓋整個運營體系。,,,餐廳的規模是否會改變碳盤查的責任邊界？是否納入中央廚房與物流？,TRUE,TRUE,若有不清楚可描述實際組織狀況，我們將協助你判斷,邊界與組織規模,建立盤查邊界與企業實際運作規模之間的關聯認知,"組織規模, 單店/連鎖, 邊界劃分",
B002,餐飲業,餐廳的碳盤查範圍包含哪些部分？,邊界設定與組織資訊,multiple,beginner,邊界與盤查範圍,能掌握企業在碳盤查時已納入的營運範疇,若餐廳只盤查內部能源與廢棄物，數據可能不完整。建議納入食材來源、外送運輸、包裝廢棄物等，以獲得更全面的碳足跡分析。例如，外送平台依賴大量的包裝與交通運輸，這些碳排放往往佔比不小，若忽略，將低估整體影響。,單一店面,主要盤查餐廳本身的能源使用與食材浪費，較單純。,主要營運據點,除餐廳本身外，可能包含中央廚房、倉儲。,餐點製作與廚房,需要關注烹飪設備、瓦斯使用、廚餘管理等碳排放。,供應鏈（食材與物流）,若食材來自遠端，運輸過程碳排放應納入盤查。,餐具與包裝材料,許多一次性包裝會增加範疇三（供應鏈）的碳排放，應考慮可回收方案。,是否曾評估過食材來源與包裝材料對碳排放的影響？是否納入範疇三？,TRUE,TRUE,請分享你對於外送、包裝、食材運輸等碳排是否曾有盤查或思考,盤查範圍與細節,引導使用者理解範疇一到三的完整碳盤查脈絡,"範疇三, 外送碳排, 包裝影響",
B003,餐飲業,餐廳是否與其他企業有關聯？（如加盟、中央廚房）,邊界設定與組織資訊,multiple,intermediate,邊界與合作關係界定,能辨識企業合作模式並思考其對碳盤查邊界的影響,餐廳的經營模式會影響碳盤查範圍。使用中央廚房、加盟體系或外包供應鏈，碳排放可能來自不同環節。例如，中央廚房的能源使用與物流運輸應納入計算，以確保盤查完整性。,無特別關聯,主要考量餐廳本身的碳排放，如電力、燃氣、廢棄物等。,加盟或授權經營,需考量總部的供應鏈支援，例如統一進貨、包裝物流等對碳排的影響。,有中央廚房供應,需納入中央廚房的能源消耗、食材配送碳排放。,供應鏈合作夥伴,若與外部供應商合作，如物流或食材供應，應考量其碳排放影響。,不知道/不確定,可檢查你的採購單據、物流合作夥伴，確認是否涉及外部碳排放。,餐廳是否與中央廚房或外包供應鏈有合作關係？合作對碳排放有什麼影響？,TRUE,TRUE,若合作方式較複雜，可描述實際物流與生產鏈，由我們協助分類,合作模式與碳盤查,提高對合作關係下碳盤查邊界的辨識與資料歸屬理解,"加盟體系, 中央廚房, 供應鏈範疇",
B004,餐飲業,有專門負責環保或永續管理的人員嗎？,邊界設定與組織資訊,single,beginner,永續推動角色與資源,確認企業是否具備基本的永續推動人力與責任配置,餐飲業的碳盤查通常由店長、經營者或環保團隊負責。若無專職人員，建議內部指定一名員工負責收集數據，如能源用量、食材採購與廢棄物處理，或尋求專業顧問協助，以確保碳盤查的正確性與合規性。,沒有專職人員,可能需額外安排人員負責數據收集，確保數據完整性。,由廚房或經營團隊兼職,員工可兼職負責環境數據，但可能缺乏專業知識。,有專職永續團隊,能有效追蹤碳排放數據，制定可行的減排策略。,外部顧問協助,可以確保符合標準，如 ISO 14064，並減少內部管理負擔。,不知道/不確定,可以先從能源管理、食材採購數據開始收集，逐步建立制度。,永續管理是由誰推動的？是否有專職還是由店長或廚師兼任？,TRUE,TRUE,若不確定職責劃分，可敘述由誰收集能源與食材相關資料,永續人力資源與治理,瞭解推動永續行動背後所需的人員配置與責任歸屬,"永續職責, 內部分工, 店內推動人",
B005,餐飲業,餐廳是否已訂定減排政策？,邊界設定與組織資訊,single,intermediate,減碳政策制定現況,檢視企業是否具備明確政策與實質減碳規劃,減排政策可包含減少能源浪費、改用本地食材、減少一次性餐具等。例如，麥當勞、星巴克等餐飲業者已承諾減少碳足跡，採用節能設備與可回收包裝。ISO 14064 可提供系統化的減排行動規範，使企業能夠追蹤並報告減碳成果。,沒有,目前尚無明確減排目標，可能錯失未來市場與法規要求。,初步擬定目標,計畫減少能源浪費與包裝使用，但尚未實行。,有減排政策但未落實,企業已有初步框架，但缺乏執行與監測機制。,已制定具體政策（如 ISO 14064）,設有完整標準與目標，例如 5 年內減少 30% 碳排放。,不知道/不確定,可從政府規範、產業趨勢、內部用電與食材管理開始評估。,減排政策是否有具體量化目標？例如設定幾年內減少多少碳排？,TRUE,TRUE,若尚未設定具體政策，可從目前已實行的節能措施或採購策略說明,減碳政策與實踐,建立從政策擬定到實施監測的完整減碳策略意識,"政策目標, 執行監測, ISO14064",
B006,餐飲業,餐廳是否設定減排目標與時間表？,邊界設定與組織資訊,single,intermediate,減排目標與時間進程,能理解企業是否具備可量化與可追蹤的減排目標,設定減排目標有助於監測並改善能源與廢棄物管理。例如，企業可設定 5 年內減少 30% 廚餘、10% 電力消耗，或 2025 年前全面使用可回收包裝材料。清楚的目標可幫助內部執行團隊規劃有效的策略，提升環保形象。,沒有設定,目前無減排目標，可能無法符合未來的法規或市場要求。,有初步方向但未明確,可能有節能或減廢計畫，但尚未有具體的行動方案或時間表。,設定減排目標但無時間表,計畫降低碳排放，但尚未制定明確執行時程與評估機制。,已設定明確目標（如 2030 年減少 20%）,餐廳已有具體減碳目標，例如 5 年內減少 20% 碳排放，並有對應的執行計畫。,不知道/不確定,可從能源帳單、食材採購記錄等數據開始，評估可能的減排空間。,是否曾提出具體碳減量目標？是否設定完成時間？是否以數據追蹤成效？,TRUE,TRUE,請說明目前是否有設定碳減量目標，或有哪些已開始的減排行動,減碳政策制定現況,檢視企業是否具備明確政策與實質減碳規劃,"減碳目標, 時程管理, 政策落實",
B007,餐飲業,餐廳是否需要向外部提供碳排放報告？,邊界設定與組織資訊,single,intermediate,報告義務與合規揭露,判斷企業是否涉及外部揭露義務，並準備報告制度,部分餐飲業者須向供應商、ESG 評鑑機構或政府提交碳排放報告。例如，供應大型企業、飯店或外送平台的餐廳可能需提供環境影響數據。,不需要,內部管理用途，不對外公開碳排放數據。,內部報告,主要用於企業內部決策，如評估能效與減排行動。,依供應商或客戶要求提供,若企業為連鎖品牌供應商，可能須提交 ESG 碳排放報告。,依法規要求定期報告,若政府或業界法規要求（如 ISO 14064），餐廳需定期提交報告。,不知道/不確定,可先確認合作夥伴、政府法規是否有相關要求，避免未來合規風險。,是否因政府或合作對象要求提供碳盤查結果？是否瞭解哪些內容需揭露？,TRUE,TRUE,請分享是否曾接觸過外部報告需求，如申請標章、投標或供應鏈要求,碳揭露與對外溝通,建立對外部揭露壓力與報告需求的基本認識,"外部溝通, ESG報告, 政策合規",
B008,餐飲業,餐飲業在碳盤查上的主要挑戰是什麼？,邊界設定與組織資訊,multiple,intermediate,碳盤查挑戰診斷,協助企業盤點內部最難以掌握或處理的盤查障礙,餐飲業的主要碳排放來自於烹飪設備（如瓦斯爐、烤箱）、冷藏設備、運輸與食材採購。例如，外送服務的碳排放大多來自機車、汽車運輸，因此 Uber Eats、Foodpanda 已開始要求使用電動機車降低碳排放。,廚房能源消耗,主要來自瓦斯、電力使用，如烹飪設備、冷藏設備等。,食材供應鏈排放,來自食材生產、加工與運輸，例如進口食材通常比本地採購的碳足跡更高。,外送與物流碳排,若餐廳有外送服務或依賴食材配送，需考慮運輸的碳排放影響。,廢棄物管理,來自食材浪費、包裝垃圾、一次性餐具等，若未妥善處理可能會增加碳排放。,不知道/不確定,可先記錄食材進貨、電力與瓦斯使用情況，再進一步分析。,是否覺得資料難以收集？是否部門協調困難？或不知道從哪開始？,TRUE,TRUE,請描述餐廳在開始盤查時最困難的部分，或曾放棄的原因,實務挑戰與系統建立,理解碳盤查在執行層面的實際困難與推進障礙,"難點分析, 系統推動, 數據困境",
B009,餐飲業,餐廳過去是否有碳盤查或永續訓練？,邊界設定與組織資訊,single,beginner,永續經驗與前期基礎,評估企業是否具備碳盤查與永續管理的基礎歷程,餐廳若無碳盤查經驗，可從簡單數據（如能源使用、食材浪費、包裝回收）開始，並逐步導入完整的 ESG 盤查架構。例如，日本連鎖餐廳開始使用 AI 監測食材浪費，確保食材管理更有效率。,沒有經驗,餐廳尚未執行過碳盤查或 ESG 相關訓練，建議先從基礎數據記錄開始。,曾參加基礎培訓,可能有參加過 ESG 相關課程，但尚未實際應用於碳盤查。,內部曾執行碳盤查,餐廳過去有紀錄能源使用、廢棄物管理等碳排放數據。,由第三方協助執行,餐廳曾聘請外部顧問或機構執行碳盤查，提高數據的準確性與可信度。,不知道/不確定,可從過去的能源帳單、食材記錄等檢視是否曾經進行盤查。,是否曾安排內部永續教育？參加過哪些外部課程或訓練？,TRUE,TRUE,若有訓練經驗，請分享課程內容、主辦單位或重點收穫,永續訓練與教育推動,了解企業在永續知識與碳盤查能力培養上的投入程度,"ESG訓練, 員工教育, 碳盤查能力",
B010,餐飲業,餐廳內部是否有明確的碳盤查負責人與執行團隊？,邊界設定與組織資訊,single,beginner,責任分工與管理制度,確認企業是否已建立專責人力與內部組織機制,確定負責人可確保碳盤查數據完整並落實減排措施。若無專職人員，可由店長、主廚、採購等核心成員負責。例如，星巴克設有專門 ESG 團隊，定期追蹤碳足跡並調整減排行動，此舉能有效提升企業永續發展目標。,沒有明確負責人,目前無人專責碳盤查，可能影響數據準確性與減排行動落實度。,由店長或主管兼職負責,可能由經營團隊或廚房人員兼任，但缺乏標準化流程。,有完整的環境管理團隊,設有 ESG 團隊或環境部門，負責碳盤查與減排行動。,外部顧問協助,餐廳聘請 ESG 顧問協助制定標準，確保合規與數據準確性。,不知道/不確定,可先評估是否有定期紀錄能源使用、食材供應數據，再決定是否需設立專責團隊。,是否有指派具體的碳盤查負責人？是否成立執行小組或協調窗口？,TRUE,TRUE,若目前由多位人員負責，請描述各自職責或運作方式,永續推動角色與資源,確認企業是否具備基本的永續推動人力與責任配置,"負責人設定, 組織協作, 永續治理",
S001,餐飲業,溫室氣體排放的主要來源是什麼？,排放源辨識與確認,multiple,beginner,排放源分類診斷,能辨識公司溫室氣體的各類主要排放來源,餐飲業的碳排放可大致分為 範疇一（直接排放）、範疇二（間接排放） 及 範疇三（供應鏈影響）。範疇一包括燃氣爐具、烤箱、冷氣及其他直接燃燒燃料的設備，範疇二則涵蓋購電的碳排放，如冷藏庫及店內照明。而範疇三涉及供應鏈，包括食材採購、外送運輸、包裝材料的使用及廢棄物處理。,能源使用,來自廚房燃氣爐、烤箱、冷藏庫等電力或燃料設備的消耗。,運輸物流,餐廳外送、食材配送等影響物流的碳排放。,供應鏈,進口食材通常比本地採購的碳足跡更高，供應鏈管理是減碳關鍵。,建築物與設施,店面照明、冷氣等用電設備影響碳排放。,其他,可能包括冷媒洩漏、食材報廢等隱藏碳排放來源。,餐廳的碳排放會來自哪些地方？如廚房用電、物流、冷藏？,TRUE,TRUE,請說明您認為餐廳日常作業中哪些活動會產生碳排放,碳排放基礎認知,建立對溫室氣體排放來源的基本概念與分類能力,"範疇一, 範疇二, 範疇三, 排放來源",
S002,餐飲業,主要能源使用有哪些？,排放源辨識與確認,multiple,beginner,能源使用盤點,理解公司能源使用結構，為盤查提供基礎依據,餐飲業的能源使用決定了碳排放量，常見的能源包括電力（冷藏設備、照明）、燃氣（烹飪、熱水）與燃油（物流配送）。選擇低碳能源可有效減少碳排，例如使用再生能源或高效節能設備。,電力,冷藏、空調、照明等主要來自電力消耗，屬於範疇二排放。,天然氣,用於烹飪設備（如瓦斯爐、烤箱），屬於範疇一排放。,柴油,主要用於運輸，例如物流配送車輛的燃料消耗。,生質能,若餐廳使用生物燃料或太陽能，則可降低碳排放。,不知道/不確定,可透過電費帳單、燃氣發票等方式確認能源使用情況。,餐廳的主要能源是電力、瓦斯還是其他？是否有綠電或替代能源考量？,TRUE,TRUE,請描述餐廳使用的主要能源來源與使用比例,能源使用類型與影響,了解能源型態對碳排放的差異，奠定能源盤查的基礎,"能源結構, 範疇一, 範疇二",
S003,餐飲業,公司營運中是否有直接燃料燃燒？,排放源辨識與確認,single,beginner,直接排放辨識,判斷公司是否有來自燃燒設施的直接排放來源,燃料燃燒是範疇一排放的主要來源，例如瓦斯爐、烤爐與燒烤設備。若餐廳使用燃油發電機或燃氣鍋爐，碳排放量更高。為減少燃料燃燒的排放，可以考慮改用電磁爐、感應爐等高效能電器，或者使用綠色能源（如生質燃氣）。,沒有,主要依賴電力設備，沒有直接燃料燃燒排放。,只有少量（如瓦斯爐）,例如部分設備使用天然氣或 LPG，但範圍有限。,有固定設備燃燒（如鍋爐、發電機）,例如熱水鍋爐、燃氣供應系統等，需監控燃料消耗。,有大型燃燒設施（如工廠熔爐）,適用於中央廚房、食品加工廠等大規模生產設施。,不知道/不確定,可檢查餐廳的燃氣帳單或發電設備，確認燃料使用情況。,餐廳是否有使用鍋爐、瓦斯爐、汽車等會直接燃燒燃料的設備？,TRUE,TRUE,若有設備產生燃燒，請簡單描述其類型與使用情況,範疇一排放確認,協助辨識營運中屬於「直接排放」的活動與設備,"範疇一, 燃料燃燒, 自有設備",
S004,餐飲業,是否擁有自有車隊或外包物流服務？,排放源辨識與確認,single,beginner,運輸排放盤點,探討公司運輸與物流行為對碳排放的關聯,物流運輸的碳排放影響範疇一（自有車隊）與範疇三（外包物流）。若餐廳擁有車隊，應記錄燃油使用情況；若外包物流，則應要求供應商提供碳足跡報告，確保數據完整。,沒有,主要依靠供應商配送食材、外送平台送餐。,使用外包物流,例如與第三方物流公司合作，但仍需追蹤運輸碳排放。,自有車隊,餐廳擁有自己的運輸車輛，應監測燃油消耗與排放。,兩者皆有,可能有自有車隊，但仍依賴部分外包物流支援。,不知道/不確定,可檢查運輸記錄、供應商數據，確認物流模式。,是否使用自有車輛配送？或委外物流？是否統一管理？,TRUE,TRUE,請說明餐廳是否涉及車輛運輸，並描述其使用方式與歸屬,運輸碳排與邊界確認,辨別車輛排放歸屬於範疇一或三，釐清自營與外包的邊界劃分,"範疇一, 範疇三, 物流運輸",
S005,餐飲業,是否存在原物料採購？,排放源辨識與確認,single,beginner,採購鏈碳排影響,理解企業在供應鏈中採購行為對碳排的影響,食材採購是餐飲業碳排放的重要來源之一，涉及農業生產、運輸、加工及儲存。進口食材通常比本地採購的碳排放更高，因此許多環保餐廳已轉向本地農場採購，減少碳排放並支持永續農業。,沒有,主要依賴現有供應商，未直接參與食材採購決策。,少量採購,可能偶爾與本地農場或特定供應商合作。,大量採購並影響營運,需評估供應鏈碳排放，例如進口肉類的冷藏與運輸碳足跡。,影響環保與回收計劃,例如選擇可回收包裝、減少高碳排放原料（如紅肉）。,不知道/不確定,可從供應商報告或進貨單據了解原料來源與碳排影響,餐廳是否自行採購食材？來自本地或國外？供應商是否固定？,TRUE,TRUE,請說明食材採購的來源、模式與運輸情況,原物料與供應鏈排放,建立食材供應鏈碳足跡的基本認識，理解範疇三盤查範圍,"食材採購, 範疇三, 供應鏈分析",
S006,餐飲業,是否使用大量包裝材料？,排放源辨識與確認,single,beginner,範疇三排放與包裝碳足跡,辨識包裝材料對企業碳排的潛在影響與改善方向,餐飲業的包裝材料主要來自外帶與外送包裝，過度使用一次性塑膠、紙袋、吸管會增加 範疇三（供應鏈） 碳排放。可改用可回收材質（如甘蔗渣、PLA 生物塑膠），或鼓勵顧客自備容器。,沒有,餐廳主要以內用為主，包裝材料使用量低。,少量使用,可能會提供基本外帶包裝，但未使用額外裝飾或塑膠材質。,主要產品需大量包裝,例如外送為主要業務，會使用塑膠袋、紙盒等大量包裝。,影響環保與回收計劃,若餐廳未考慮環保包裝，將影響回收與碳盤查精準度。,不知道/不確定,可先記錄餐廳包裝使用情況，並查看供應商是否提供環保選項。,是否會使用一次性容器、塑膠包材或外送包裝？是否曾考慮改用可回收或可重複使用的材質？,TRUE,TRUE,請說明您目前的包裝使用狀況與是否曾評估替代方案,包裝材料與碳排放,理解一次性包裝對碳排放的影響，建立替代與減量意識,"包裝材料, 一次性用品, 範疇三",
S007,餐飲業,是否有大量廢棄物處理需求？,排放源辨識與確認,single,beginner,廢棄物管理與碳排放,理解廢棄物種類與處理方式對碳排的影響,餐廳的廢棄物來自 食材殘渣、過期食品、一次性包裝，若未妥善處理，可能產生額外碳排放。可透過減少食材浪費、分類回收或與廚餘回收商合作，將廚餘製成有機肥料或生質能，以降低環境影響。,沒有,主要以內用為主，食材浪費與包裝垃圾較少。,只有基本生活廢棄物,主要為員工與顧客日常垃圾，如紙巾與餐具。,主要營運過程產生大量廢棄物,例如快餐店、中央廚房，會產生大量食材包裝與殘渣。,需特殊處理（如醫療廢棄物）,例如涉及食品加工業，可能產生油脂廢棄物或有機污泥。,不知道/不確定,可先計算每日垃圾總量，並與回收業者確認廢棄物種類。,廚餘與垃圾是否大量產生？如何分類與處理？是否有數據記錄？,TRUE,TRUE,請描述日常廢棄物管理方式與是否有建立紀錄或統計,廢棄物管理與碳盤查,建立廢棄物與碳排放的關聯認知，提升處理流程與資料管理意識,"廚餘, 垃圾處理, 廢棄物分類",
S008,餐飲業,是否有用水量大或特殊污水排放需求？,排放源辨識與確認,single,beginner,水資源使用與處理排放,認識用水與污水處理在碳管理中的角色,餐廳用水量大，主要用於 清洗餐具、烹調、清潔，熱水供應與污水處理皆影響碳排放。可透過 安裝節水設備、回收洗碗水、使用低耗水設備 減少用水量，並妥善處理油脂與污水，避免環境污染。,沒有,主要以乾式清潔為主，例如免洗餐具或少量清洗需求。,基本用水需求,主要用於餐具清洗、員工飲水與衛生設備。,主要作業依賴大量用水,例如自助餐廳、中央廚房，每日需大量水源清洗食材與設備。,產生污水需特殊處理,例如有油水分離設備、餐飲污水處理需求，可能影響排放管理。,不知道/不確定,可透過水費帳單與設備管理記錄來評估用水狀況。,餐廳是否用水量大？是否有洗滌、沖洗或特殊製程會排放大量污水？,TRUE,TRUE,若有特殊用水或污水排放情形，請描述來源與處理方式,用水與排放源補充,認識水資源使用與污水排放對碳盤查的潛在貢獻,"用水行為, 污水排放, 特殊設施",
S009,餐飲業,是否有其他特殊排放源？,排放源辨識與確認,single,beginner,特殊排放源鑑別,能辨識冷媒或化學品等非典型排放源與管理需求,餐廳的 冷凍冷藏設備 可能使用 高 GWP（全球變暖潛勢） 的冷媒，如 HFCs，其排放量遠高於 CO₂。建議定期檢查設備，避免冷媒洩漏，或改用低環境影響的冷媒，如 二氧化碳冷媒（CO₂）或氨（NH₃）。,沒有,主要設備以電力為主，無冷媒或其他額外排放源。,冷媒使用量少,例如只有少數冷藏櫃或小型製冰機。,冷媒與化學品使用量大,例如冷鏈倉儲、大型冷凍設備，可能產生大量冷媒排放。,需特別管理,例如需要遵守法規規範，冷媒使用需要定期監控與維護。,不知道/不確定,可查閱冷藏設備的冷媒類型與年度維護記錄，確認排放風險。,是否有其他非典型排放源？例如製冰機、冷媒洩漏、煙囪排放？,TRUE,TRUE,若有其他與營運相關但不常見的排放活動，請分享,特殊排放源辨識,引導使用者發現隱性或非標準排放源，補強完整性,"非典型排放, 冷媒, 製程排放",
S010,餐飲業,使用的排放因子來源是什麼？,排放源辨識與確認,single,intermediate,排放因子資料依據,了解碳排資料計算依據是否具權威性與一致性,排放因子 是計算碳排放的關鍵數據，常見來源包括 政府數據庫（如環保署）、產業報告、國際標準（如 ISO 14064）。若使用內部監測數據，需確保數據準確性，以提升盤查的可信度。,政府官方數據庫,例如台灣環保署、美國 EPA、IPCC 等提供的排放數據。,產業報告數據,來自 ESG 評鑑機構或產業協會的研究報告。,內部監測數據,餐廳自行測量能源與排放數據，例如智慧電表或燃氣計。,參考國際標準,例如使用 ISO 14064、GHG Protocol 指南等國際標準計算。,不知道/不確定,若不確定，可先參考政府或供應商提供的排放數據,是否知道排放係數的來源？例如是政府公告還是平台提供？,TRUE,TRUE,若曾使用或看過排放係數，請說明其來源與適用範圍,計算依據與資料來源,瞭解排放係數對碳盤查計算準確度的影響，建立資料來源判斷能力,"排放係數, 資料來源, 計算依據",
S011,餐飲業,溫室氣體排放計算方法是什麼？,排放源辨識與確認,single,intermediate,排放計算方法與制度,掌握企業目前使用的碳排計算工具與標準方法,碳排放計算基於活動數據 × 排放因子，例如 用電量（kWh）× 電力排放因子（kgCO₂/kWh）。小型餐廳可使用政府提供的排放計算工具，而連鎖餐飲或大型品牌則需建立內部數據庫，或參考 ISO 14064 進行標準化計算，以確保數據準確性與一致性。,使用簡單計算公式,例如：燃氣消耗量（m³） × 排放因子，即可估算排放量。,內部建立完整計算系統,設有能源與碳排放數據管理機制，提升盤查效率。,參考 ISO 標準進行計算,依據 ISO 14064 或 GHG Protocol，確保計算符合國際標準。,依外部顧問協助計算,若內部無專業能力，可聘請顧問協助計算與優化碳管理。,不知道/不確定,可從能源帳單、食材進貨數據等開始收集基本盤查數據。,是否了解常見的碳排計算公式？是否知道活動數據如何與排放係數相乘？,TRUE,TRUE,請描述您對排放計算的理解，或是否曾使用過任何計算工具,計算邏輯與方法基礎,建立排放計算公式中「活動數據 × 排放係數」的核心觀念,"排放計算, 乘法原理, 活動數據, 排放係數",
S012,餐飲業,減排措施的實施計劃如何？,排放源辨識與確認,single,intermediate,減排行動與實施現況,確認企業目前是否已有明確減碳計畫與實行基礎,減排行動包括能源優化、省電、燃油效率提升 等策略。例如，透過更換 LED 照明、使用節能設備、減少食材浪費或改用綠電來降低碳排放。餐廳應根據營運模式制定短中長期的減排計劃，確保可行性與效果。,沒有特定計畫,目前尚未制定任何減排策略，可能影響未來法規符合性。,初步討論減排方向,已經有減排構想，但尚未落實具體行動。,已制定具體措施,例如已更換節能設備、導入再生能源、減少塑膠包裝等。,具體執行並監測成效,有監控碳排放變化，例如每月追蹤能源使用數據。,不知道/不確定,可先從能源帳單、物流運輸數據開始盤點，找出減排機會。,是否有具體的減排方案？是否分階段實施或設有時間表？,TRUE,TRUE,請分享目前的減排措施（如更換設備、節能行為等）是否有規劃執行進程,減排行動與計劃設計,建立減排措施的制度化規劃思維與推進階段意識,"減排行動, 實施計劃, ESG策略",
S013,餐飲業,減排效果的監控方法是什麼？,排放源辨識與確認,single,intermediate,減排績效與成效追蹤,探討企業是否具備追蹤減碳成效的監測機制,監控減排效果有助於確保碳管理的成效，企業可設立 KPI（關鍵績效指標） 或使用外部審核來提升數據可靠性。例如，可追蹤 電費帳單變化、能源消耗趨勢、食材浪費量，確保減排行動確實落實。,沒有監控,無法確保減排措施的成效，可能影響 ESG 目標達成。,內部簡單追蹤,例如通過人工記錄電費與食材浪費，但未做深入分析。,依部門設定減排 KPI,每個部門（廚房、物流）有明確減排目標，例如降低用電 10%。,使用專業監測設備與外部審核,例如導入智能電錶、食材監測系統，並由外部機構驗證數據。,不知道/不確定,可從現有的營運數據（電費、瓦斯用量）開始追蹤變化。,是否有紀錄減排成果？是否定期追蹤成效或調整作法？,TRUE,TRUE,請說明如何確認減排措施是否有效，是否有統計或分析方式,成效監控與評估方法,認識減排行動成果需以數據佐證與持續追蹤為原則,"成效追蹤, 數據評估, 碳盤查改善",
S014,餐飲業,持續改進的檢討機制如何？,排放源辨識與確認,single,intermediate,減碳管理與持續改善,評估企業是否具備減碳策略的持續優化能力,碳管理應定期檢討並調整策略，例如 每年進行碳盤查，或根據營運狀況調整能源使用方式。例如，若發現夏季冷氣用電過高，可透過改善隔熱、調整溫控設備 來減少能耗，確保減排行動能有效持續。,沒有,目前無任何定期檢討與改善計畫，減排行動較零散。,每年盤查一次,例如透過年度能源帳單與食材管理報表分析碳排變化。,定期檢討並調整策略,例如每季度審視能源消耗與物流排放，進行優化調整。,建立內部改善機制與數據分析,透過 AI 或智能系統監測排放趨勢，並做出即時優化。,不知道/不確定,可先從歷史數據開始比較，建立基本的改善機制,是否定期檢討減排策略？是否參考外部建議或產業趨勢？,TRUE,TRUE,請說明公司內部是否有針對永續策略進行檢討與優化，如何調整方向,持續改進與學習機制,建立 ESG 持續改善與回饋循環的概念,"ESG改善, 檢討機制, 策略優化",
D001,餐飲業,數據收集的頻率和來源是什麼？,數據收集方式與能力,single,beginner,數據收集策略與頻率盤點,建立企業數據收集週期與初步流程之認知,碳排放數據應定期記錄，以確保數據完整性和可追溯性。例如，每月記錄電力使用量可幫助企業即時發現異常，而年度記錄可能會導致細節遺漏，影響減排行動的效果。餐飲業應根據營運需求選擇適當的頻率，例如 每日記錄食材進貨量、每月統計能源消耗、每季分析廢棄物數據，確保盤查準確性。,沒有固定頻率,可能導致碳排放數據不完整，影響未來 ESG 報告準確性。,每月記錄一次,適用於能源使用數據，如電費帳單、燃氣用量。,每季記錄一次,適用於廢棄物、供應鏈排放數據，確保長期趨勢分析。,每年記錄一次,適用於供應鏈碳足跡，企業可透過年度審查確保數據完整。,不知道/不確定,可從營運數據、帳單與供應商報告開始盤查，建立標準流程。,是否每月或每季蒐集數據？來源是帳單、設備紀錄還是人工抄表？,TRUE,TRUE,請說明目前碳盤查資料的來源與更新頻率,資料來源與盤查頻率,理解不同資料來源對碳盤查精確度的影響與更新周期要求,"數據頻率, 資料類型, 資料品質",
D002,餐飲業,公司有無定期保存電力使用紀錄？,數據收集方式與能力,single,beginner,範疇二能源數據紀錄,檢視企業電力使用是否有形成穩定記錄習慣,電力使用是餐飲業碳排放的主要來源之一，影響範疇二排放。若無定期記錄電費帳單，將難以追蹤用電趨勢及碳排放。建議每月或每季統整數據，並以電子表單或雲端管理，提高可追溯性，幫助制定節能計畫與減少不必要的能耗。,沒有,缺乏完整數據，可能無法評估能源使用效率。,只有部分部門有記錄,可能僅限廚房或辦公室用電數據，未包含整體運營。,全公司皆有記錄,能有效監控碳排放，適合大型餐飲企業與連鎖品牌。,電力數據已電子化管理,透過雲端或智能電表自動記錄，提高管理效率與準確性。,不知道/不確定,可從電費帳單開始追蹤，並建立定期記錄機制。,是否有保存每月電費帳單？是否使用智慧電表或系統自動記錄？,TRUE,TRUE,請描述電力使用紀錄的保存方式與是否可回溯查詢,電力數據保存與可得性,建立電力相關碳排數據的可得性與紀錄機制意識,"電力記錄, 帳單保存, 資料回溯",
D003,餐飲業,是否保存燃料使用紀錄？,數據收集方式與能力,single,beginner,範疇一燃料數據紀錄,掌握企業是否保存與使用直接燃料之記錄資料,燃料使用屬於範疇一碳排放，如瓦斯爐、發電機、鍋爐等設備的能源消耗。若未建立標準記錄方式，將影響碳盤查準確度。企業應確保燃料發票、加油紀錄等文件的保存，以利日後盤查與管理。例如，可透過 智能燃氣表 或 自動記錄系統 來提升數據準確性。,沒有,燃料消耗無紀錄，可能影響碳盤查數據的完整性。,只保存部分數據,可能僅記錄特定設備的燃氣使用，但缺乏完整性。,由財務部保存,主要用於會計與成本計算，但未用於碳管理分析。,由環保或能源管理單位保存,企業已建立監測機制，可確保排放數據的透明度。,不知道/不確定,可從燃氣發票、燃油購買記錄開始，逐步建立完整數據庫。,是否記錄瓦斯或柴油等燃料購買量？是否由單據或系統登錄？,TRUE,TRUE,請說明燃料類（如瓦斯）之購買與使用記錄方式，是否可提供查核,燃料數據與排放依據,建立燃料消耗紀錄與碳排放計算基礎間的連結,"燃料紀錄, 瓦斯用量, 範疇一資料",
D004,餐飲業,是否保存物流運輸紀錄？,數據收集方式與能力,single,beginner,範疇三物流數據記錄,理解企業是否具備追蹤物流碳排的基礎能力,餐飲業的外送、食材運輸、中央廚房配送 產生範疇三碳排放，應記錄物流距離、油耗、運輸頻率等數據。若依賴外包物流，應與供應商協商提供碳排放報告，並建立記錄機制，以確保物流減排計劃可行。例如，可透過 GPS 追蹤系統 或 供應商排放報告 來確保數據準確性。,沒有,缺乏完整數據，無法量化運輸碳排放。,物流供應商保留部分數據,需確保供應商提供標準化報告，以利盤查。,內部有簡單記錄,可能僅紀錄運輸成本，未追蹤碳排放影響。,建立完整數據追蹤系統,企業有完整物流碳足跡記錄，適合 ESG 盤查與報告。,不知道/不確定,可從物流單據、運輸距離紀錄開始追蹤數據。,是否記錄配送距離、次數或運輸方式？是否為自有或委外？,TRUE,TRUE,若有配送紀錄，請說明保存方式（表單、平台、自動化工具）等,運輸紀錄與範疇三依據,建立物流數據記錄與外包碳排識別的能力,"物流紀錄, 範疇三, 配送距離",
D005,餐飲業,是否有原料採購的完整記錄？,數據收集方式與能力,single,beginner,採購紀錄與供應鏈追蹤,了解企業是否已建立原料來源與供應鏈碳資料管理,食材供應鏈佔餐飲業碳排放大宗，影響範疇三碳足跡。記錄原料採購數據可評估供應商碳排放，並優化低碳食材選擇。例如，優先採購本地有機食材、減少長距離運輸原料，能有效降低環境影響。企業可透過 ERP 系統 或 供應商報告 來管理採購數據，確保符合 ESG 目標。,沒有,可能無法確保供應鏈碳排放的透明度。,只記錄主要供應商,可能僅追蹤部分食材來源，未涵蓋整體供應鏈。,由採購部門管理,可確保食材數據完整性，但需額外評估碳足跡。,已建立數據系統,可自動化追蹤供應鏈排放，適合 ESG 盤查與報告。,不知道/不確定,可從進貨單據、供應商報告開始，逐步建立完整數據庫。,是否記錄每批採購的食材品項、數量與來源？是否有對應發票或採購單？,TRUE,TRUE,請說明是否保存原物料採購資訊，是否易於分類與盤點,食材採購數據紀錄,建立採購記錄對供應鏈碳盤查的基礎作用認知,"採購紀錄, 食材分類, 範疇三",
D006,餐飲業,公司是否有廢棄物處理的相關數據？,數據收集方式與能力,single,intermediate,廢棄物數據管理與分類紀錄,評估企業是否有對廢棄物進行分類與數據追蹤,餐飲業的廢棄物（如廚餘、油脂、包裝廢棄物）影響碳排放。 若無完整記錄，將難以追蹤減排成效。企業應建立分類記錄，如 可回收、堆肥、焚化或掩埋的廢棄物比例，以利未來優化食材利用與減少浪費。例如，某些企業透過 廚餘轉化為生質能，有效降低碳排放與廢棄物處理成本。,沒有,餐廳未記錄廢棄物處理數據，可能影響環保與合規管理。,只記錄總量,例如每月統計垃圾重量，但未區分可回收與一般廢棄物。,依廢棄物類型記錄,已詳細分類餐廳產生的垃圾，如廚餘、塑膠、金屬、玻璃等。,已建立完整追蹤系統,企業使用數位系統記錄廢棄物處理情況，並定期分析減廢效果。,不知道/不確定,可從垃圾處理費用、回收單據開始建立數據，確保未來減廢計劃的可行性。,是否有廚餘或垃圾的稱重紀錄？是否交由第三方清運？是否可查詢數據？,TRUE,TRUE,請說明是否有廢棄物處理數據，來源是自計還是外部單位提供,廢棄物處理資料保存,認識廢棄物數據保存與對碳排報告的完整性關聯,"廚餘紀錄, 廢棄物處理, 外包紀錄",
D007,餐飲業,餐廳數據記錄的標準模板是什麼？,數據收集方式與能力,single,intermediate,碳排資料格式一致性,檢視企業是否已導入統一的數據記錄格式或表單,標準化數據記錄有助於提升管理效率與碳盤查精確性。 小型餐廳可使用 Excel 或 Google Sheets 記錄食材進貨、能源使用與廢棄物數據，而連鎖餐廳可導入 ERP 系統或 POS 整合數據。參考 ISO 14064 可確保數據透明度，並讓數據可與法規對應，避免未來營運風險。,沒有固定格式,可能導致數據缺漏，影響碳盤查與 ESG 報告的完整性。,簡單 Excel 記錄,以手動方式輸入數據，適用於小型企業，但易出現錯誤。,ERP 系統管理,使用數據自動化系統，提高碳盤查效率與精確性。,參考 ISO 標準,確保數據符合國際標準，如 ISO 14064，可用於未來外部審查。,不知道/不確定,可先從基本記錄開始，逐步導入標準化數據管理流程,是否自製紀錄格式？是否使用平台提供的數據登錄表？是否統一格式？,TRUE,TRUE,若有資料登錄系統或統一格式，請簡述目前使用情況,數據記錄格式與一致性管理,建立紀錄標準化與未來資料整合的基礎思維,"數據表格, 格式統一, 標準化記錄",
D008,餐飲業,餐廳如何確保數據品質？,數據收集方式與能力,single,intermediate,數據品質管理與驗證,理解企業如何建立內部控管或外部稽核機制,數據品質決定碳盤查的準確性，例如食材浪費量、瓦斯與電力消耗的數據應有標準收集方式。小型餐廳可每月比對能源帳單與進貨數據，大型餐廳可導入智慧感測器或 IoT 監測設備，確保能耗與排放數據準確，提升 ESG 管理成效。,無特定控制措施,可能導致數據錯誤或不一致，影響碳排放計算的準確性。,定期內部審核,透過內部稽核，每季比對數據，確保數據準確性與完整性。,由第三方驗證,可透過 ISO 14064 或 GHG Protocol 查證，提高可信度。,使用自動監測系統,例如 IoT 感測器、智慧電表，能即時記錄能耗與排放數據。,不知道/不確定,可從現有的能源帳單、供應商數據等開始盤查。,是否有交叉檢查、主管複核或自動校驗？是否定期比對資料是否異常？,TRUE,TRUE,請描述餐廳在記錄能源、採購等數據時，是否有任何品質控管機制,數據品質與驗證方法,建立數據正確性與一致性對碳盤查結果可靠度的影響認知,"數據品質, 檢核流程, 異常排查",
D009,餐飲業,餐廳內部審計的頻率與流程如何？,數據收集方式與能力,single,intermediate,數據審查與改進制度,判斷企業是否具備定期稽核碳排資料的制度化流程,內部審計有助於掌控碳排放趨勢，確保減排行動有效。建議每季審視能源與食材浪費數據，追蹤節能與減廢成果。連鎖餐廳可設置 ESG 監督機制，定期由總部檢視各分店數據，確保各店面的環保政策一致並落實改善方案。,沒有,可能導致數據錯誤或缺漏，影響 ESG 目標達成。,每年一次,可確保碳盤查數據符合 ESG 法規，但無法即時調整策略。,每半年一次,可定期檢討營運碳排放趨勢，提高改善空間。,持續監控,使用 AI 或 IoT 設備進行即時數據監測，確保準確性。,不知道/不確定,可從過去的碳排放報告與能源記錄開始檢討。,是否定期審查記錄的正確性？審計週期與內容是否有標準流程？,TRUE,TRUE,請說明是否有內部盤查或ESG資料審核的流程與執行頻率,內部審核與監督制度,建立餐廳在碳盤查管理流程中的自我檢討與控制機制概念,"內部審計, ESG監管, 資料一致性",
D010,餐飲業,餐廳使用哪些技術工具管理數據？,數據收集方式與能力,single,beginner,碳數據技術工具應用,探討企業是否採用適當工具進行數據整合與管理,技術工具可簡化碳數據管理，小型餐廳可透過 Excel 記錄進貨與能源數據，連鎖餐廳可使用 ERP 整合採購與能耗數據。AI 工具則可預測碳排放趨勢，並建議最佳減排策略，幫助餐廳優化營運效率並降低環境影響。,Excel,適用於小型餐廳，但手動輸入容易出錯。,ERP 系統,適用於連鎖餐廳，可整合食材採購與能耗數據。,自動數據管理平台,透過 IoT 監測能耗與廚餘量，提高數據準確度。,AI 智能分析工具,預測碳排放趨勢，並提供最佳減排策略建議。,不知道/不確定,可先從 Excel 或 Google Sheets 開始建立基本數據管理方式。,是否使用 Excel、專用平台、POS系統或IoT工具記錄數據？,TRUE,TRUE,請列舉目前使用的資料紀錄工具或系統，是否有集中化管理功能,數據記錄工具與數位能力,理解科技工具對碳排資料管理效率與自動化程度的影響,"數位工具, POS, 數據平台, ESG系統",
D011,餐飲業,餐廳是否使用電子化方式記錄碳排數據？,數據收集方式與能力,single,beginner,電子化數據管理現況,評估企業是否已導入碳排數據的電子化流程與工具,電子化記錄能提升碳盤查效率，減少人工誤差。小型餐廳可使用 Google Sheets，較大型餐廳可導入 POS 系統與 IoT 監測設備，自動記錄 食材庫存、能源消耗與廢棄物數據，提升數據透明度並確保可追溯性。,沒有,仍以紙本或人工方式記錄，數據易遺失或錯誤。,部分電子化,例如僅將電費帳單數位化，但未整合所有數據。,完全電子化管理,使用 ERP 或 AI 工具，自動記錄與分析碳數據。,不知道/不確定,可從能源帳單與食材進貨記錄開始，建立數位數據庫。,,,是否透過平台、自動化或表單管理碳排數據？是否以電子方式儲存與傳輸？,TRUE,TRUE,請描述碳排放或能源使用的資料是否有導入電子化管理方式,資料電子化與數位轉型,強化對電子化管理與碳盤查效率提升之間關聯的理解,"數據電子化, 自動化, 效率提升",
D012,餐飲業,餐廳是否有固定的紀錄頻率與負責人員？,數據收集方式與能力,single,intermediate,責任制度與紀錄頻率,確認企業是否有制度化指定人員並執行定期紀錄,定期記錄碳排數據並指派負責人可確保數據準確性。餐飲業的 用電、瓦斯、食材採購與廚餘數據 需由專人負責收集，以避免營運變動影響記錄完整度。建議 每週或每月記錄一次，較大型或連鎖餐廳可成立 專責 ESG 小組管理，確保長期監測與優化營運碳足跡。,沒有,可能導致數據缺漏，影響 ESG 目標達成。,由部門自行決定,不同部門可能採用不同的記錄方式，數據一致性低。,已指定專責團隊,由 ESG 小組負責碳排放監測，確保數據一致性。,不知道/不確定,可先從財務與營運數據開始，確認數據記錄方式。,,,是否有指定部門/人員負責記錄？紀錄頻率為每日、每週、每月？,TRUE,TRUE,請說明目前是否有明確紀錄責任人與定期更新的制度,責任歸屬與紀錄頻率制度化,強化永續推動角色與紀錄制度對資料品質與完整性的基礎作用,"負責人, 更新頻率, 內部制度",
D013,餐飲業,餐廳數據管理的最佳實踐是什麼？,數據收集方式與能力,single,intermediate,碳數據管理與風險控管,探討企業是否具備碳數據備份、錯誤追蹤等管理機制,良好的數據管理可提升碳盤查精準度。餐廳應 定期備份能源、食材進貨與廢棄物數據，並建立 內部審核機制，確保數據完整性與可追溯性。較大型餐廳可參考 ISO 14064 或 GRI 永續報告標準，確保符合國際規範並降低未來營運風險。,無特定措施,可能導致數據錯誤或缺失，影響 ESG 目標。,定期備份,每月或每季進行數據備份，以確保歷史數據可追溯。,內部數據稽核,透過內部審核確保數據準確性，提高 ESG 報告可信度。,參考國際標準,確保數據管理符合 ISO 14064、GRI 或 GHG Protocol。,不知道/不確定,可先建立基本數據備份機制，逐步導入標準化流程。,是否參考過政府指南、平台建議或產業標竿？是否制定內部資料管理規則？,TRUE,TRUE,請分享你認為數據管理最重要的原則是什麼，是否已實施,資料管理策略與最佳實務,建立數據治理應納入策略設計與標準實施的概念,"最佳實務, 資料管理原則, ESG策略",
D014,餐飲業,餐廳的系統備份與安全性措施如何？,數據收集方式與能力,single,beginner,碳資料備份與安全性管理,了解企業是否已建立碳排資料的備份與安全制度,數據安全與備份確保營運穩定性。餐廳應定期備份數據，以防止意外刪除或設備損壞造成數據遺失。小型餐廳可使用 雲端儲存（如 Google Drive），較大型餐廳應考慮 異地備份，甚至設立災難復原計劃（DRP），確保碳排數據與營運紀錄的安全性，避免 ESG 報告數據遺失。,無備份措施,可能導致數據遺失，影響 ESG 盤查與未來審核。,定期備份,每月或每季備份數據，以確保歷史數據完整性。,設有災難復原計劃,企業建立異地備份，確保資料即使發生故障也可恢復。,不知道/不確定,可從現有的數據存儲方式開始檢視，確認是否需要優化備份機制。,,,是否有定期備份？使用雲端或本地系統？是否設有權限分級與存取控制？,TRUE,TRUE,請說明目前數據保存、備份與保護的方式，是否有設立安全機制,資安與備份措施,瞭解碳排資料需具備長期保存與系統安全的基本要求,"資料備份, 存取權限, 資安防護",
D015,餐飲業,餐廳是否有書面的碳排資料收集SOP？,數據收集方式與能力,single,intermediate,碳數據收集制度化,檢視企業是否已具備標準化的資料收集流程,標準作業程序（SOP）可確保碳盤查流程一致，避免數據錯誤與遺漏。完整 SOP 應涵蓋 碳數據來源、記錄方式、責任人員及審核流程，確保數據精確並符合 ISO 14064 標準。小型餐廳可從 能源與食材記錄 開始建立 SOP，大型餐廳則應確保所有分店均有統一的數據管理流程，以利 ESG 目標落實。,沒有,可能導致數據缺漏，影響碳盤查的完整性與合規性。,只有部分流程記錄,例如能源記錄有 SOP，但食材或廢棄物數據未涵蓋。,已建立完整 SOP,記錄方式、數據追蹤與內部稽核機制均已確立。,不知道/不確定,可先從簡單的能源記錄 SOP 開始，逐步擴展至其他範疇。,,,是否已文件化資料收集與彙整流程？是否有固定格式與負責人員？,TRUE,TRUE,若有相關 SOP，請簡述其內容與用途；若無，可描述目前如何執行,碳盤查作業流程與文件化程度,建立書面標準流程對一致性與可交接性的重要性,"碳盤查SOP, 文件化, 資料一致性",
D016,餐飲業,餐廳是否有定期審核碳排放數據的程序？,數據收集方式與能力,single,intermediate,數據審查與內部稽核,評估企業是否建立碳排放數據的定期審查與比對機制,定期審核數據可確保減排行動的有效性。建議餐廳每年或每半年對碳排數據進行審核，例如比對能源帳單、進貨數據與廢棄物產出量，以確認減排措施是否達標。連鎖餐廳可導入 內部 ESG 監管機制，確保各分店符合減碳政策並提升 ESG 透明度，以符合 ISO 14064、GRI 永續報告準則 等國際標準。,沒有,缺乏定期審查，可能影響 ESG 目標執行成效。,每年審核一次,適用於初步建立 ESG 盤查機制的企業。,每半年審核一次,定期檢討減排計劃，確保數據一致性與完整性。,持續監控與內部稽核,透過 AI 或智能監測系統，自動追蹤與分析碳排數據。,不知道/不確定,可先從歷史數據開始整理，建立內部審核制度。,是否每季或每年定期審核碳盤查數據？是否有審核紀錄與回饋？,TRUE,TRUE,請描述過去是否曾針對碳排數據做內部或外部稽核,數據審核與改善機制,瞭解碳盤查資料的稽核與回饋制度如何促進資料正確性與系統改善,"數據審核, 稽核頻率, ESG監管",
M001,餐飲業,餐廳的碳盤查報告格式應包含哪些內容？,內部管理與SOP現況,single,beginner,報告格式與參考標準,確認企業是否依據標準規範設計碳盤查報告格式,碳盤查報告應清楚說明碳排放範圍、計算方法及數據來源。常見格式包括 ISO 14064 標準 和 GRI 框架。若無標準格式，應參考政府或產業標準，以確保可信度與可比較性。例如，連鎖餐飲業可根據 範疇 1（店內設備油耗）、範疇 2（購電）、範疇 3（供應鏈運輸） 整理數據來源，並計算總碳排放量。,沒有特定格式,可能影響數據可信度與報告的一致性。,參考政府或產業標準,可提高報告的可比較性，如 GRI 或國內碳盤查指引。,依據 ISO 14064 準則,確保數據符合國際標準，提高企業可信度。,依據外部顧問建議,企業可聘請專業顧問協助設計報告格式。,不知道/不確定,可從競爭對手或政府提供的 ESG 報告範例開始參考。,是否瞭解報告需包含盤查邊界、方法、數據、排放結果與建議？,TRUE,TRUE,若已撰寫過報告，可描述其內容架構；若未撰寫，也可說明理想中會有什麼內容,報告內容結構與產出規範,建立完整 ESG 報告格式與重點欄位認識，提升報告撰寫能力,"報告格式, 邊界與方法, 建議內容",
M002,餐飲業,餐廳是否有第三方驗證的計畫？,內部管理與SOP現況,single,intermediate,碳盤查報告驗證與信度,了解企業對報告真實性與可信度的審查計畫,第三方驗證可提升碳盤查報告的可信度，確保數據準確性與合規性。例如，ISO 14064 要求企業透過外部審核機構驗證碳排放數據，以確保其真實性與透明度。若企業計畫參與 ESG 評比或供應鏈碳管理，可導入 獨立驗證機構（如 SGS、TÜV、DNV），確保報告符合 GHG Protocol 或 ISO 14064，提高國際市場競爭力。,沒有驗證計畫,可能影響報告的可信度與未來合規性。,計劃未來導入,目前尚未執行，但計畫在未來採用。,已安排內部審核,由內部稽核團隊執行，但無外部驗證。,由外部驗證機構執行,例如 ISO 14064 認證，確保報告數據的準確性與公信力。,不知道/不確定,可先檢視客戶或政府是否要求驗證，決定是否導入。,是否計畫委託會計師、顧問或平台進行查證？查證內容包含哪些面向？,TRUE,TRUE,若已有驗證計畫，請描述驗證單位、周期與範疇；若尚未，也可說明原因,第三方驗證規劃與策略,建立碳盤查與 ESG 資料第三方查證制度的重要性與執行步驟,"第三方查核, 驗證流程, 碳盤查可信度",
M003,餐飲業,餐廳如何管理碳盤查文件編號？,內部管理與SOP現況,single,beginner,文件編碼管理,評估企業是否已建立碳相關文件的系統編號與歸檔邏輯,標準化文件編號可提升碳管理效率與數據可追溯性。餐飲業可依 年度與分類設定編號，例如 GHG-2024-Kitchen-001（代表 2024 年的廚房碳盤查）。這有助於確保數據整理的一致性，並能減少內部查找困難與數據錯誤，確保審核時能快速獲取所需資訊。,沒有固定編號方式,可能影響數據整理與文件管理效率。,依年度與類別編號,例如 GHG-YYYY-XXX，可快速識別文件類別與年份。,由 IT 或管理部門設定編碼,企業可建立內部文件管理機制，提高檔案存取效率。,依據國際標準制定,例如 GHG Protocol 或 ISO 14064 標準，提高可比較性。,不知道/不確定,可從簡單的編號格式開始，例如「年份-部門-編號」。,是否有制定編號規則？如年度、類別、部門代碼？是否固定命名方式？,TRUE,TRUE,請描述目前碳盤查文件是否有一致的編號方式，或為人工隨機命名？,文件管理規範與識別系統,建立文件識別系統對於盤查紀錄一致性與可追溯性的基礎概念,"編號規則, 文件識別, 管理制度",
M004,餐飲業,餐廳是否建立文件版本控制規範？,內部管理與SOP現況,single,beginner,文件版本控管機制,確認企業是否實施文件版控 SOP，避免誤用舊資料,版本控制確保碳盤查數據的一致性與準確性。餐飲業可採用 V1.0、V2.0 等標記文件版本，或使用雲端系統管理變更紀錄。這有助於避免數據混亂，確保每次審核時使用的都是最新版本，並能符合 ISO 14064 要求。,沒有固定規範,可能導致數據不一致，影響 ESG 盤查的透明度。,由單一部門負責管理,例如環保部門負責，但其他部門可能無法即時更新版本。,內部有文件版控機制,企業內部已建立 SOP，確保數據一致性。,使用數位文件管理系統,透過 ERP、SharePoint、Google Drive 自動追蹤變更歷史。,不知道/不確定,可先檢查現有的文件管理方式，評估是否需要改善。,是否會保留歷史版本？如何標示變動內容與修改者？是否設立變更審批流程？,TRUE,TRUE,請說明目前是否有版本控制機制，是否保留舊檔案與紀錄編輯歷程？,文件版本控制與流程管理,理解文件管理中「變更即須版本管理」的必要性與操作方式,"版本控制, 編輯紀錄, 文件變更流程",
M005,餐飲業,餐廳碳盤查文件的存儲方式為何？,內部管理與SOP現況,single,beginner,資料儲存與存取管理,探討企業是否採用安全、有效率的資料存放機制,數據存儲影響盤查的可追溯性與安全性。小型餐廳可使用 雲端硬碟或 Google Drive，連鎖餐飲可使用 ERP 系統或內部伺服器，確保碳排放數據安全、易於存取，並防止遺失或損毀。例如，企業應建立內部數據存取權限，確保僅授權人員可變更數據，提高 ESG 透明度與企業信譽。,沒有固定存儲位置,可能導致數據遺失或難以追蹤。,以紙本存放於辦公室,可能影響數據安全性與可追溯性，建議數位化管理。,以雲端存儲,例如 Google Drive、Dropbox，確保數據易存取與備份。,內部伺服器存儲,適用於較大型企業，確保數據安全性與合規性。,不知道/不確定,可先從雲端硬碟或 ERP 系統開始管理，逐步建立標準化存儲方式。,是否統一使用雲端、NAS 或資料夾分類儲存？是否定期備份？,TRUE,TRUE,請說明目前碳盤查文件的存放方式、路徑規則與是否有備份機制,文件儲存位置與結構,建立文件儲存的統一規範有助於跨部門檢索與交接,"文件儲存, 資料結構, 雲端或本地備份",
M006,餐飲業,餐廳碳盤查文件的審批流程為何？,內部管理與SOP現況,single,intermediate,數據審批流程管理,確認碳排數據是否具備多層級與制度化的審核機制,明確的審批流程確保碳排放數據的準確性。小型餐廳可由 店長或經營者核對報告，連鎖品牌則應 跨部門審核（環保、財務、營運），並參考 ISO 14064 的標準化審批機制，以確保數據的完整性與合規性。,沒有明確流程,可能導致數據錯誤或未經適當驗證即提交。,由部門主管批准,例如店長或財務部門負責，但可能缺乏跨部門驗證。,需多部門共同審核,例如 ESG 團隊、營運與財務部門共同確認數據。,依 ISO 標準設定審批流程,確保符合國際標準，提高 ESG 透明度與數據可信度。,不知道/不確定,可從現有審批流程開始，確保 ESG 盤查數據符合企業需求。,文件出具後是否需要部門主管或外部顧問簽核？是否有書面確認流程？,TRUE,TRUE,若有報告或計算結果出爐後的審批制度，請簡述流程與角色,文件審批制度與權責歸屬,強化報告出具需經授權流程的制度性思維,"文件審批, 核可機制, 責任歸屬",
M007,餐飲業,餐廳是否有文件存取權限管理？,內部管理與SOP現況,single,intermediate,文件安全性與權限控管,確認資料是否具備分層級授權與存取紀錄制度,設置存取權限可確保碳盤查數據的安全性與完整性。餐飲業可依據不同角色設定存取權限，例如 店長與財務部門可編輯數據，員工僅能檢視，確保 ESG 數據不會被未授權修改。建議使用 ERP 或雲端存取權限控管，確保碳盤查數據符合企業永續發展標準。,無特定權限控管,任何人都可以存取與修改數據，可能導致誤用或數據遺失。,由特定部門管理存取,例如環保或財務部門負責存取權限，但仍可能有風險。,設有多層級權限,例如高層可修改數據，員工僅能檢視，提高數據安全性。,依 ISO 標準管理,企業採用 ISO 14064 規範，確保 ESG 數據的可追蹤性與透明度。,不知道/不確定,可從內部 IT 或文件管理系統開始評估存取權限。,是否設定不同角色的存取權限？是否管控編輯、查看、下載權限？,TRUE,TRUE,請說明目前是否針對碳盤查相關資料設定角色權限，是否有管控誤刪或誤改？,存取權限與角色管理制度,強化 ESG 數據資料權限分層的治理意識,"權限管控, 資料安全, 角色分級",
M008,餐飲業,餐廳碳盤查數據的存檔期限為何？,內部管理與SOP現況,single,intermediate,數據保存政策與法遵依據,了解企業是否依據法規與內規設定保存年限,政府法規與 ESG 需求通常要求保存碳排放數據至少 5 年以上。餐飲業應依據 《氣候變遷因應法》或企業內部規範 確保數據保存，例如 食材碳足跡、能源消耗、廢棄物管理記錄，以利未來審查與優化減排行動。企業可透過 雲端存儲或 ERP 系統 確保長期存檔，提高數據安全性。,無特定存檔期限,可能導致數據遺失或影響 ESG 報告完整性。,依企業內部規範,企業自行決定保存期限，但可能與法規要求不符。,依政府法規（如 5 年）,確保符合環保與 ESG 法規要求，例如 ISO 14064。,長期保存,建立雲端或本地備份，確保歷史數據可供查驗與比較。,不知道/不確定,可從 ESG 法規或競爭對手的報告格式參考存檔標準。,是否有保存期限？如保留 5 年、7 年或依政府法規？是否有定期清理過期檔案？,TRUE,TRUE,請說明碳盤查資料的保存政策，是否訂有保存年限與清理時間表,文件保存年限與規範政策,建立文件保存與刪除政策對永續資料管理的法規與風險控管意識,"保存年限, 法規依循, 清除政策",
M009,餐飲業,餐廳是否有參考文件管理的案例？,內部管理與SOP現況,single,beginner,文件管理制度參考來源,探討企業在建立制度時是否借鏡國際或業界實務,參考業界最佳實踐有助於提升碳盤查效率。部分連鎖品牌已導入 ERP 碳管理系統，以數據追蹤餐飲供應鏈的碳排放。中小型餐廳可學習標準化存儲與審核流程，提高管理透明度與準確性。例如，企業可建立 SOP 文件管理流程，確保碳盤查記錄符合 ESG 評分要求。,沒有相關案例,企業尚未建立標準化的文件管理流程。,已參考同業最佳做法,餐廳已研究競爭對手的文件管理方式，但未落實。,建立內部標準並分享,企業內部已制定標準 SOP，提高 ESG 數據管理效率。,使用國際標準作為參考,參考 ISO 14064、GRI 框架，確保碳排放數據符合國際標準。,不知道/不確定,可從 ESG 顧問或產業協會取得文件管理建議。,是否參考過其他企業的文件管理制度？是否來自顧問、協會、產業標竿？,TRUE,TRUE,若有參考對象，請說明來源與具體內容（例如：格式、命名規則）,文件管理經驗與外部借鑑,建立外部學習在制度設計中的價值認知，並能反思內部差距,"文件制度, 案例參考, 外部標竿",
M010,餐飲業,餐廳是否需要協助建立或改進碳管理制度？,內部管理與SOP現況,single,intermediate,碳管理制度建構建議,評估企業對制度化碳管理的認知與需求程度,內部管理制度影響碳盤查準確度。小型餐廳可建立 能源使用記錄、食材採購清單、廢棄物回收計畫，連鎖餐飲則可依據 ISO 14064 設計 SOP，並考慮外部顧問輔導，確保制度符合國際標準。餐廳應根據 法規與產業需求 設立 ESG 監控機制，以提高市場競爭力並確保法規合規。,不需要,餐廳已有內部管理制度，不需額外調整。,需要內部改善指導,企業內部可優化流程，如加強數據記錄與管理。,需要外部顧問協助,由 ESG 顧問診斷並建議 SOP 優化方案，提高盤查準確度。,已建立完善制度但需持續優化,企業已有 SOP，僅需定期更新與調整。,不知道/不確定,可從企業內部流程評估，確認是否需額外改善。,是否曾嘗試建立碳管理制度？是否有資源或人力困難？是否希望顧問協助？,TRUE,TRUE,請說明是否已設立制度、目前卡關的原因或希望改善的面向,碳管理制度建立與輔導需求,探索用戶對於碳盤查制度建立的實際需求與潛在顧問合作空間,"顧問需求, 管理制度, 建立困難",
M011,餐飲業,餐廳是否需要提供內部管理建議？,內部管理與SOP現況,single,intermediate,ESG 管理制度建議需求,了解企業是否需要從外部取得制度架構與落地指引,內部管理指引與 SOP 樣本可幫助餐廳落實 ESG 目標。企業可參考 ISO 14064、GRI 或 CDP 碳揭露標準，建立標準化的 能源管理、供應鏈碳排查、食材與廢棄物管理 SOP，確保 ESG 政策落地並提升企業競爭力。例如，可導入 ERP 數據系統，提高 ESG 數據透明度與可追溯性。,不需要,企業內部已具備完善的碳盤查與 ESG 管理制度。,需要範本與指導,企業希望取得標準 SOP 模板，以利內部實施。,需要專業顧問診斷,企業希望聘請 ESG 顧問，協助優化內部管理制度。,內部已有制度但需優化,企業希望提升 SOP 的可操作性與合規性。,不知道/不確定,可從 ISO 14064、GHG Protocol 等標準開始建立基礎框架。,是否希望獲得針對餐廳內部流程、人力、制度的具體建議？,TRUE,TRUE,若覺得目前制度不足或想改善，可簡述希望 AI 或顧問提供哪些建議,營運建議與改善輔導判斷,評估用戶是否開放接受內部制度改善建議，為後續顧問服務做基礎篩選,"顧問建議, 制度優化, ESG實務建議",
R001,餐飲業,員工是否需要溫室氣體管理培訓？,報告需求與後續行動,single,beginner,員工教育與意識提升,探討企業是否已有基礎碳管理訓練與推廣教育制度,員工的 ESG 知識影響減排行動落實度。建議針對 廚房節能、省水措施、食材採購減碳、廢棄物管理 進行教育，如 減少油煙排放、提高冷藏能效，確保減排成效可執行。,沒有培訓,員工對 ESG 缺乏認識，可能影響餐廳的減排行動。,只有基礎環保意識課程,例如介紹能源節約、減塑等概念，但未深入減排行動。,針對特定部門培訓,例如廚房與採購部門參與減排課程，提升 ESG 影響力。,設有完整培訓計畫,企業制定長期 ESG 培訓機制，如每年一次減碳教育課程。,不知道/不確定,可從現有內部培訓內容評估是否需要加強 ESG 訓練。,餐廳是否曾安排 ESG 或碳排管理相關教育訓練？是否為全員或特定部門？,TRUE,TRUE,請說明是否有規劃、參加或安排過溫室氣體或 ESG 教育訓練活動,ESG教育與員工訓練需求,評估現場人員對 ESG 與碳管理的基本認知程度與訓練需求,"員工訓練, ESG教育, 溫室氣體知識",
R002,餐飲業,餐廳員工的 ESG 培訓頻率為何？,報告需求與後續行動,single,beginner,ESG 教育頻率與制度化,理解 ESG 教育是否具有制度性、定期性安排,培訓頻率決定減排成效。建議 每年舉辦一次 ESG 教育課程，或針對 廚房、前場、採購部門 定期培訓，確保員工了解 能源管理、低碳菜單、環保餐具的實際應用，提升餐廳整體碳管理意識。,無固定頻率,員工 ESG 知識可能不足，影響餐廳的永續經營。,每年一次,透過年度 ESG 培訓，確保員工持續提升永續管理能力。,每半年一次,針對不同部門安排半年一次的減碳專業訓練。,依業務需求調整,例如供應鏈變動或政府法規更新時進行額外培訓。,不知道/不確定,可先從 ESG 需求評估，決定適合的培訓頻率與內容。,ESG 或環境議題訓練是每年、每季、還是視需求而定？內容與對象為何？,TRUE,TRUE,若有安排教育，請說明訓練頻率與參與人員，或是否考慮建立制度,ESG訓練頻率與制度化,建立訓練制度與持續教育對組織永續推動的價值認知,"ESG訓練頻率, 制度化, 員工參與",
R003,餐飲業,餐廳如何內部溝通 ESG 進展？,報告需求與後續行動,single,beginner,ESG 內部溝通制度,評估 ESG 資訊在企業內部是否具備有效溝通管道,內部溝通可提升 ESG 參與度。小型餐廳可使用 群組討論或內部公告，大型連鎖餐飲可建立 內部 ESG 平台、KPI 追蹤報告，確保不同部門能同步減排進度，推動永續餐飲策略。,無固定渠道,ESG 相關資訊難以傳達給員工，可能影響執行力。,電郵通知,定期發送 ESG 更新，但參與度可能較低。,內部會議報告,透過每季或每月會議確保 ESG 計畫執行進展。,設立專門溝通平台,透過 ESG 內部網站、數據儀表板提升溝通透明度。,不知道/不確定,可從內部管理機制開始評估最適合的 ESG 溝通方式。,是否透過內部會議、公告、信件或簡報分享 ESG 推動成果？,TRUE,TRUE,請說明目前 ESG 的內部溝通方式是否明確，是否有定期回報,ESG治理與溝通制度,建立內部溝通對於永續目標推進與組織共識形成的重要性,"ESG溝通, 內部推動, 治理制度",
R004,餐飲業,餐廳的 ESG 制度文件應符合哪些合規要求？,報告需求與後續行動,single,intermediate,ESG 合規與報告標準依據,確認企業是否依循政府與國際標準制定 ESG 報告,ESG 文件應符合政府法規與國際標準，如 ISO 14064 或 GRI 框架。餐飲業可參考 《氣候變遷因應法》或永續供應鏈規範，確保 能源使用、食材採購、廢棄物管理 等數據透明，以利申請 ESG 評級與企業競爭力提升。,無特定要求,可能導致 ESG 報告內容不符合政府或投資人標準。,依內部規範,企業內部制定 ESG 文件標準，但可能與國際規範不符。,依政府法規,確保 ESG 文件符合當地與國際合規標準。,"依國際標準（ISO, GRI）",符合 ISO 14064、GRI 或其他全球 ESG 框架，提高可信度。,不知道/不確定,可先參考競爭對手或產業標準文件，決定適合的合規方向。,是否知道需要符合哪些規定？如 ISO 14064、TCFD、政府補助要求？,TRUE,TRUE,請描述目前 ESG 文件是否已對應相關規定，或仍在摸索階段,合規要求與制度設計,建立 ESG 文件對應法規、標準與顧問機構規範的基本認知,"合規要求, ISO標準, ESG制度設計",
R005,餐飲業,餐廳如何分配資源以支持碳管理？,報告需求與後續行動,single,intermediate,ESG 資源配置與預算設計,評估企業是否已編列資源或預算支持碳排管理措施,碳管理需要人力與資源投入，確保餐廳 ESG 目標可落實。建議預算包含 節能設備、環保包裝、數據監測系統與員工培訓，並將減碳策略納入餐廳經營計畫，以確保長期可持續性。,無特定資源,可能影響減碳行動執行，建議納入 ESG 預算規劃。,由財務部門決定,企業已有 ESG 預算，但缺乏長期計畫。,設有專門預算,明確規劃 ESG 項目資金，確保減排行動落實。,碳管理納入企業戰略,企業將 ESG 與減碳計畫納入長期發展戰略。,不知道/不確定,可先評估現有資源分配情況，確保 ESG 計畫可持續執行。,是否指定預算、人力或外部資源來推動 ESG 或碳盤查？,TRUE,TRUE,請說明目前是否編列預算或分配人手進行碳管理工作,資源配置與制度落實,理解碳盤查與 ESG 推動需具備資源支持與計劃分配的前提,"預算配置, 人力資源, ESG推動",
R006,餐飲業,餐廳如何進行 ESG 合規檢查？,報告需求與後續行動,single,intermediate,ESG 合規稽核與管理制度,確認 ESG 管理是否導入定期稽核與第三方驗證機制,確保 ESG 符合法規與國際標準，企業應定期進行 內部或第三方審核，以避免未來法規罰款與 ESG 評分下降。合規檢查範圍包含 能源使用、供應鏈管理、減碳成效，確保 ESG 目標可持續推動。,無特定檢查,可能影響 ESG 目標與未來合規性，建議建立審查機制。,依內部政策檢查,由企業自行設定 ESG 稽核標準，但可能與法規不符。,依政府規範,確保 ESG 檢查符合當地法規，例如《氣候變遷因應法》。,由第三方驗證,透過 ISO 14064、GHG Protocol 確保 ESG 數據準確性。,不知道/不確定,可從產業法規與 ESG 審查標準開始評估。,是否設立 ESG 合規檢查流程？是否定期稽核文件與操作流程？,TRUE,TRUE,請說明是否已有制度化檢查流程或只是偶爾回顧，是否有專人主責,ESG合規自查與稽核制度,建立 ESG 政策、文件與執行紀錄的定期檢查流程認知,"自評制度, 稽核流程, 合規落實",
R007,餐飲業,餐廳的 ESG 文件管理預算應如何規劃？,報告需求與後續行動,single,intermediate,ESG 預算配置,評估企業是否有預算編列支持碳管理與制度建構,ESG 預算應涵蓋碳盤查工具、數據管理、外部驗證與內部培訓。小型餐廳可使用 簡單數據管理與內部記錄，連鎖品牌則可投資 ERP 系統、碳排監測設備，確保 ESG 管理效率與合規性。,無預算,企業尚未規劃 ESG 相關的數據管理與文件存儲資源。,低於 10 萬,可能僅涵蓋基本 ESG 盤查需求，如數據收集與簡單報告。,10-50 萬,可投資能源監測、供應鏈碳盤查、第三方 ESG 驗證。,超過 50 萬,建立完整 ESG 系統，如 AI 分析、碳信用交易等。,不知道/不確定,可從企業財務部門確認是否有 ESG 相關預算編列。,是否規劃 ESG 文件管理的專項預算？是否考量顧問費用、系統平台費或教育訓練？,TRUE,TRUE,請說明是否編列 ESG 文件管理預算，以及預算的構成項目,ESG文件管理與預算規劃,認識 ESG 文件需納入年度預算編列，建立中長期成本規劃意識,"ESG預算, 成本規劃, 文件管理",
R008,餐飲業,餐廳 ESG 文件應多久更新一次？,報告需求與後續行動,single,beginner,ESG 文件更新頻率,檢視企業 ESG 文檔是否具備定期更新與維護制度,ESG 相關文件應定期更新，以確保符合最新法規與技術標準。建議 每年更新一次減碳策略、用電記錄、供應鏈碳排查數據，以提升 ESG 競爭力，確保餐廳的永續營運與法規合規性。,無固定周期,ESG 文件未建立明確的更新機制，可能影響合規性。,每年更新一次,確保數據與法規符合最新標準，提高 ESG 透明度。,每半年更新一次,企業可依減碳進展調整策略，提高碳排放管理的靈活性。,依內部審查結果調整,企業根據內部 ESG 盤查結果適時更新文件。,不知道/不確定,可先參考產業內競爭對手的 ESG 文件更新機制。,文件更新頻率為每月、每季、每年？是否有自動提醒或版本編號機制？,TRUE,TRUE,請描述 ESG 文件的更新週期與由誰負責維護，是否有制度化,文件更新頻率與責任制度,建立 ESG 文件需定期更新與控管維護的制度概念,"文件更新, 維護制度, ESG紀律性",
R009,餐飲業,餐廳是否定期檢討碳排放績效？,報告需求與後續行動,single,intermediate,ESG 碳排成效檢討制度,評估企業是否對碳績效進行制度化與指標化的定期檢討,定期檢討碳排放績效可找出改善空間。建議 每年至少進行一次內部 ESG 會議，分析 能源消耗、供應鏈碳足跡、外送物流碳排，並針對減排進展進行策略調整，確保減排行動落實。,沒有,ESG 目標缺乏定期檢討，可能影響減排策略執行力。,偶爾召開,會議頻率較低，可能導致碳管理效率不佳。,定期每年檢討,企業確保 ESG 盤查的長期可行性，確保碳排放減量目標。,已建立完整制度,企業設立 ESG 監督機制，確保減碳計畫執行進度。,不知道/不確定,可從企業內部 ESG 部門或財務數據開始盤點分析。,是否有定期盤點、比較過去碳排放數據？是否每年都有報告或檢討？,TRUE,TRUE,若有定期盤點，請描述頻率與方式；若無，也可說明原因,碳排績效檢討機制,建立組織對於碳排績效追蹤與改善週期的基本意識,"KPI檢討, 效果追蹤, ESG績效",
R010,餐飲業,餐廳是否建立碳排放績效指標 (KPI)？,報告需求與後續行動,single,intermediate,ESG KPI 指標建置,判斷企業是否設立與追蹤碳管理成效的量化指標,ESG KPI 可量化餐廳的減排行動，例如 單店碳排放（kgCO₂e/坪）、外送物流碳足跡（gCO₂e/km）、再生能源使用比率，確保 ESG 目標可追蹤、可改善。,沒有,企業尚未制定明確 ESG 減碳 KPI，減排行動較零散。,已建立但未定期追蹤,ESG 目標已設置，但缺乏數據監測與改善機制。,設有完整 KPI 並定期檢討,企業有明確 ESG 目標，並透過數據分析持續優化。,不知道/不確定,可從競爭對手 ESG 報告或政府 ESG 指引參考 KPI 設定方式。,,,是否設定過具體的 KPI？例如每月電力使用下降、食材運輸減碳比例等？,TRUE,TRUE,若有設定 KPI，請說明目標與目前進度；若無，也可說明原因或困難,碳排放KPI設計與追蹤,認識減碳需配合指標制度化與效果追蹤，提升治理層成熟度,"KPI設計, 指標管理, ESG量化",
R011,餐飲業,是否希望報告中加入碳排放歷史趨勢分析？,報告需求與後續行動,single,beginner,報告內容擴充：趨勢圖,探討企業是否具備追溯性資料並納入趨勢解讀能力,碳排放歷史趨勢分析有助於企業掌握過去排放變化，評估減碳措施的成效。例如，可分析 用電趨勢、冷藏設備能耗、外送物流碳排變化，發現異常波動，進一步優化營運模式。,不需要,ESG 目標以當年度數據為主，不進行歷史趨勢追蹤。,需要基本趨勢圖,透過簡單折線圖顯示過去幾年的碳排放變化。,需要詳細趨勢分析,透過 AI 數據分析工具，追蹤碳足跡變動與影響因子。,不知道/不確定,可先從企業歷年 ESG 報告或能源帳單數據整理趨勢。,,,是否希望報告中呈現 2 年以上的碳排歷史趨勢圖？,FALSE,TRUE,若希望呈現歷史趨勢，將需準備歷年數據；若無歷史數據，AI 將自動跳過,報告呈現偏好：趨勢圖,了解報告視覺化與決策依據建構方式，建立數據價值認知,"趨勢圖, 報告設計, 歷史碳排",
R012,餐飲業,是否希望報告中加入減碳策略及具體建議方案？,報告需求與後續行動,single,beginner,減碳策略建議內容,探討使用者對於報告中提供實用減碳建議的期待程度,減碳策略可包含節能設備升級、供應鏈管理、廢棄物減量。企業可考慮 智能照明與空調管理、使用太陽能熱水系統、選擇低碳家具與建材，確保減排行動不影響營運效率與品牌形象。,不需要,企業 ESG 目標以現有策略為主，不需額外建議。,需要一般建議,提供基礎節能與減排建議，如能源管理、減塑策略。,需要針對產業特化的建議,根據餐飲業碳排熱點，提供具體減碳方案，如低碳菜單設計。,不知道/不確定,可先從 ESG 顧問或產業研究報告獲取建議方案。,,,是否希望由 AI 提供對應產業的具體減碳建議與策略？,FALSE,TRUE,若選擇是，AI 將分析作答內容產出行動方案摘要,減碳策略建議與行動計畫,建立減碳策略與具體建議在企業行動力提升中的關鍵價值,"減碳建議, 策略導向, 行動方案",
R013,餐飲業,是否希望報告內容可用於對外溝通？,報告需求與後續行動,single,intermediate,ESG 對外揭露與公開用途,評估企業是否計畫將 ESG 成果整合為對外揭露內容,碳排放報告可提升企業的永續形象。企業可在 官網或社群媒體 公開 ESG 目標，或向投資人、顧客傳達減排行動，例如 綠色供應鏈管理、低碳菜單設計，提升市場競爭力。,只做內部使用,ESG 報告僅供企業內部管理使用，不對外公布。,需要對客戶公開,可於官網、社群媒體發布減碳成果，提高品牌形象。,需要納入永續報告書,企業將 ESG 盤查結果納入年報，提升投資人信任度。,不知道/不確定,可參考產業內競爭對手 ESG 公開資訊，決定最佳策略。,,,是否希望報告能應用於 ESG 年報、供應鏈報告或對外簡報？,FALSE,TRUE,若希望作對外溝通使用，AI 將優化文字語氣、摘要方式與結構,對外溝通用報告內容,將報告定位從內部工具提升至外部溝通與形象建立的工具,"對外溝通, 年報摘要, ESG簡報",
R014,餐飲業,是否希望報告包含產業對標資訊或競爭分析？,報告需求與後續行動,single,beginner,ESG 同業對標分析,判斷企業是否有意將 ESG 表現與同業作比較與分析,產業對標數據可幫助企業了解自身碳排放在市場中的定位。例如，餐飲品牌可比較自身 每餐碳足跡 與 同業標竿企業，找出減碳優勢與落後之處，學習領先業者的成功案例，進一步優化 ESG 競爭力。建議參考 國內外 ESG 先進案例，如低碳菜單設計、綠色物流供應鏈，提升競爭力。,不需要,ESG 目標以內部標準為主，無需對外比較。,需要基本對標數據,企業希望了解產業平均碳排數據，但不深入競爭分析。,需要詳細競爭分析,企業希望與標竿企業對比 ESG 表現，制定更精準的減排行動。,不知道/不確定,可先從產業研究報告、ESG 企業排名中取得參考數據。,,,是否希望比較與產業平均、同規模餐廳或國內外標竿企業的資料？,FALSE,TRUE,若需要對標資訊，AI 將從資料庫中加入相關平均數據（如排放密集度）,產業對標與競爭力分析,建立 ESG 對標分析對自我定位與策略制定的重要性,"對標分析, 同業比較, ESG競爭性",
R015,餐飲業,是否希望報告包含明確的下一步建議行動？,報告需求與後續行動,single,intermediate,ESG 行動規劃與時程設計,探討企業是否需外部顧問協助制定可執行的永續計畫,具體行動清單有助於企業落實減碳策略。餐飲業可設定 短期（如更換 LED 照明）、中期（減少 20% 廚餘）、長期（達成碳中和目標） 等行動計畫，確保 ESG 策略可執行並帶來實際環境效益。例如，透過 採購本地食材、減少一次性包裝、使用節能設備，有效降低碳足跡並提升品牌競爭力。,不需要,企業已有內部減碳策略，不需額外建議。,需要一般建議,例如改善能源使用效率、減少食材浪費等基礎策略。,需要詳細行動清單,企業希望獲得完整的短、中、長期 ESG 行動方案。,不知道/不確定,可參考競爭對手或產業內的減碳實踐，制定合適計畫。,,,是否希望報告提供短中長期行動建議？是否包含優先順序與時間表？,FALSE,TRUE,若希望獲得具體行動建議，AI 將依據目前回答內容自動產出最適行動路徑,行動建議與推進指引,建立 ESG 報告作為具體行動指引與決策參考依據的價值認知,"行動建議, 優先順序, 執行規劃",
,,,,,,,,,,,,,,,,,,,,,,,,,,
,,,,,,,,,,,,,,,,,,,,,,,,,,
,,,,,,,,,,,,,,,,,,,,,,,,,,
,,,,,,,,,,,,,,,,,,,,,,,,,,
,,,,,,,,,,,,,,,,,,,,,,,,,,
,,,,,,,,,,,,,,,,,,,,,,,,,,
,,,,,,,,,,,,,,,,,,,,,,,,,,
,,,,,,,,,,,,,,,,,,,,,,,,,,
,,,,,,,,,,,,,,,,,,,,,,,,,,
,,,,,,,,,,,,,,,,,,,,,,,,,,
,,,,,,,,,,,,,,,,,,,,,,,,,,
,,,,,,,,,,,,,,,,,,,,,,,,,,
,,,,,,,,,,,,,,,,,,,,,,,,,,
,,,,,,,,,,,,,,,,,,,,,,,,,,
,,,,,,,,,,,,,,,,,,,,,,,,,,
,,,,,,,,,,,,,,,,,,,,,,,,,,
,,,,,,,,,,,,,,,,,,,,,,,,,,
,,,,,,,,,,,,,,,,,,,,,,,,,,
,,,,,,,,,,,,,,,,,,,,,,,,,,
,,,,,,,,,,,,,,,,,,,,,,,,,,
,,,,,,,,,,,,,,,,,,,,,,,,,,
,,,,,,,,,,,,,,,,,,,,,,,,,,
,,,,,,,,,,,,,,,,,,,,,,,,,,
,,,,,,,,,,,,,,,,,,,,,,,,,,
,,,,,,,,,,,,,,,,,,,,,,,,,,
,,,,,,,,,,,,,,,,,,,,,,,,,,
,,,,,,,,,,,,,,,,,,,,,,,,,,
,,,,,,,,,,,,,,,,,,,,,,,,,,
,,,,,,,,,,,,,,,,,,,,,,,,,,
,,,,,,,,,,,,,,,,,,,,,,,,,,
,,,,,,,,,,,,,,,,,,,,,,,,,,
,,,,,,,,,,,,,,,,,,,,,,,,,,
,,,,,,,,,,,,,,,,,,,,,,,,,,
,,,,,,,,,,,,,,,,,,,,,,,,,,
,,,,,,,,,,,,,,,,,,,,,,,,,,
,,,,,,,,,,,,,,,,,,,,,,,,,,
,,,,,,,,,,,,,,,,,,,,,,,,,,
,,,,,,,,,,,,,,,,,,,,,,,,,,
,,,,,,,,,,,,,,,,,,,,,,,,,,
,,,,,,,,,,,,,,,,,,,,,,,,,,
,,,,,,,,,,,,,,,,,,,,,,,,,,
,,,,,,,,,,,,,,,,,,,,,,,,,,
,,,,,,,,,,,,,,,,,,,,,,,,,,
,,,,,,,,,,,,,,,,,,,,,,,,,,
,,,,,,,,,,,,,,,,,,,,,,,,,,
,,,,,,,,,,,,,,,,,,,,,,,,,,
,,,,,,,,,,,,,,,,,,,,,,,,,,
,,,,,,,,,,,,,,,,,,,,,,,,,,
,,,,,,,,,,,,,,,,,,,,,,,,,,
,,,,,,,,,,,,,,,,,,,,,,,,,,
,,,,,,,,,,,,,,,,,,,,,,,,,,
,,,,,,,,,,,,,,,,,,,,,,,,,,
,,,,,,,,,,,,,,,,,,,,,,,,,,
,,,,,,,,,,,,,,,,,,,,,,,,,,
,,,,,,,,,,,,,,,,,,,,,,,,,,
,,,,,,,,,,,,,,,,,,,,,,,,,,
,,,,,,,,,,,,,,,,,,,,,,,,,,
,,,,,,,,,,,,,,,,,,,,,,,,,,
,,,,,,,,,,,,,,,,,,,,,,,,,,
,,,,,,,,,,,,,,,,,,,,,,,,,,
,,,,,,,,,,,,,,,,,,,,,,,,,,
,,,,,,,,,,,,,,,,,,,,,,,,,,
,,,,,,,,,,,,,,,,,,,,,,,,,,
,,,,,,,,,,,,,,,,,,,,,,,,,,
,,,,,,,,,,,,,,,,,,,,,,,,,,
,,,,,,,,,,,,,,,,,,,,,,,,,,
,,,,,,,,,,,,,,,,,,,,,,,,,,
,,,,,,,,,,,,,,,,,,,,,,,,,,
,,,,,,,,,,,,,,,,,,,,,,,,,,
,,,,,,,,,,,,,,,,,,,,,,,,,,
,,,,,,,,,,,,,,,,,,,,,,,,,,
,,,,,,,,,,,,,,,,,,,,,,,,,,
,,,,,,,,,,,,,,,,,,,,,,,,,,
,,,,,,,,,,,,,,,,,,,,,,,,,,
,,,,,,,,,,,,,,,,,,,,,,,,,,
,,,,,,,,,,,,,,,,,,,,,,,,,,
,,,,,,,,,,,,,,,,,,,,,,,,,,
,,,,,,,,,,,,,,,,,,,,,,,,,,
,,,,,,,,,,,,,,,,,,,,,,,,,,
,,,,,,,,,,,,,,,,,,,,,,,,,,
,,,,,,,,,,,,,,,,,,,,,,,,,,
,,,,,,,,,,,,,,,,,,,,,,,,,,
,,,,,,,,,,,,,,,,,,,,,,,,,,
,,,,,,,,,,,,,,,,,,,,,,,,,,
,,,,,,,,,,,,,,,,,,,,,,,,,,
,,,,,,,,,,,,,,,,,,,,,,,,,,
,,,,,,,,,,,,,,,,,,,,,,,,,,
,,,,,,,,,,,,,,,,,,,,,,,,,,
,,,,,,,,,,,,,,,,,,,,,,,,,,
,,,,,,,,,,,,,,,,,,,,,,,,,,
,,,,,,,,,,,,,,,,,,,,,,,,,,
,,,,,,,,,,,,,,,,,,,,,,,,,,
,,,,,,,,,,,,,,,,,,,,,,,,,,
,,,,,,,,,,,,,,,,,,,,,,,,,,
,,,,,,,,,,,,,,,,,,,,,,,,,,
,,,,,,,,,,,,,,,,,,,,,,,,,,
,,,,,,,,,,,,,,,,,,,,,,,,,,
,,,,,,,,,,,,,,,,,,,,,,,,,,
,,,,,,,,,,,,,,,,,,,,,,,,,,
,,,,,,,,,,,,,,,,,,,,,,,,,,
,,,,,,,,,,,,,,,,,,,,,,,,,,
,,,,,,,,,,,,,,,,,,,,,,,,,,
,,,,,,,,,,,,,,,,,,,,,,,,,,
,,,,,,,,,,,,,,,,,,,,,,,,,,
,,,,,,,,,,,,,,,,,,,,,,,,,,
,,,,,,,,,,,,,,,,,,,,,,,,,,
,,,,,,,,,,,,,,,,,,,,,,,,,,
,,,,,,,,,,,,,,,,,,,,,,,,,,
,,,,,,,,,,,,,,,,,,,,,,,,,,
,,,,,,,,,,,,,,,,,,,,,,,,,,
,,,,,,,,,,,,,,,,,,,,,,,,,,
,,,,,,,,,,,,,,,,,,,,,,,,,,
,,,,,,,,,,,,,,,,,,,,,,,,,,
,,,,,,,,,,,,,,,,,,,,,,,,,,
,,,,,,,,,,,,,,,,,,,,,,,,,,
,,,,,,,,,,,,,,,,,,,,,,,,,,
,,,,,,,,,,,,,,,,,,,,,,,,,,
,,,,,,,,,,,,,,,,,,,,,,,,,,
,,,,,,,,,,,,,,,,,,,,,,,,,,
,,,,,,,,,,,,,,,,,,,,,,,,,,
,,,,,,,,,,,,,,,,,,,,,,,,,,
,,,,,,,,,,,,,,,,,,,,,,,,,,
,,,,,,,,,,,,,,,,,,,,,,,,,,
,,,,,,,,,,,,,,,,,,,,,,,,,,
,,,,,,,,,,,,,,,,,,,,,,,,,,
,,,,,,,,,,,,,,,,,,,,,,,,,,
,,,,,,,,,,,,,,,,,,,,,,,,,,
,,,,,,,,,,,,,,,,,,,,,,,,,,
,,,,,,,,,,,,,,,,,,,,,,,,,,
,,,,,,,,,,,,,,,,,,,,,,,,,,
,,,,,,,,,,,,,,,,,,,,,,,,,,
,,,,,,,,,,,,,,,,,,,,,,,,,,
,,,,,,,,,,,,,,,,,,,,,,,,,,
,,,,,,,,,,,,,,,,,,,,,,,,,,
,,,,,,,,,,,,,,,,,,,,,,,,,,
,,,,,,,,,,,,,,,,,,,,,,,,,,
,,,,,,,,,,,,,,,,,,,,,,,,,,
,,,,,,,,,,,,,,,,,,,,,,,,,,
,,,,,,,,,,,,,,,,,,,,,,,,,,
,,,,,,,,,,,,,,,,,,,,,,,,,,
,,,,,,,,,,,,,,,,,,,,,,,,,,
,,,,,,,,,,,,,,,,,,,,,,,,,,
,,,,,,,,,,,,,,,,,,,,,,,,,,
,,,,,,,,,,,,,,,,,,,,,,,,,,
,,,,,,,,,,,,,,,,,,,,,,,,,,
,,,,,,,,,,,,,,,,,,,,,,,,,,
,,,,,,,,,,,,,,,,,,,,,,,,,,
,,,,,,,,,,,,,,,,,,,,,,,,,,
,,,,,,,,,,,,,,,,,,,,,,,,,,
,,,,,,,,,,,,,,,,,,,,,,,,,,
,,,,,,,,,,,,,,,,,,,,,,,,,,
,,,,,,,,,,,,,,,,,,,,,,,,,,
,,,,,,,,,,,,,,,,,,,,,,,,,,
,,,,,,,,,,,,,,,,,,,,,,,,,,
,,,,,,,,,,,,,,,,,,,,,,,,,,
,,,,,,,,,,,,,,,,,,,,,,,,,,
,,,,,,,,,,,,,,,,,,,,,,,,,,
,,,,,,,,,,,,,,,,,,,,,,,,,,
,,,,,,,,,,,,,,,,,,,,,,,,,,
,,,,,,,,,,,,,,,,,,,,,,,,,,
,,,,,,,,,,,,,,,,,,,,,,,,,,
,,,,,,,,,,,,,,,,,,,,,,,,,,
,,,,,,,,,,,,,,,,,,,,,,,,,,
,,,,,,,,,,,,,,,,,,,,,,,,,,
,,,,,,,,,,,,,,,,,,,,,,,,,,
,,,,,,,,,,,,,,,,,,,,,,,,,,
,,,,,,,,,,,,,,,,,,,,,,,,,,
,,,,,,,,,,,,,,,,,,,,,,,,,,
,,,,,,,,,,,,,,,,,,,,,,,,,,
,,,,,,,,,,,,,,,,,,,,,,,,,,
,,,,,,,,,,,,,,,,,,,,,,,,,,
,,,,,,,,,,,,,,,,,,,,,,,,,,
,,,,,,,,,,,,,,,,,,,,,,,,,,
,,,,,,,,,,,,,,,,,,,,,,,,,,
,,,,,,,,,,,,,,,,,,,,,,,,,,
,,,,,,,,,,,,,,,,,,,,,,,,,,
,,,,,,,,,,,,,,,,,,,,,,,,,,
,,,,,,,,,,,,,,,,,,,,,,,,,,
,,,,,,,,,,,,,,,,,,,,,,,,,,
,,,,,,,,,,,,,,,,,,,,,,,,,,
,,,,,,,,,,,,,,,,,,,,,,,,,,
,,,,,,,,,,,,,,,,,,,,,,,,,,
,,,,,,,,,,,,,,,,,,,,,,,,,,
,,,,,,,,,,,,,,,,,,,,,,,,,,
,,,,,,,,,,,,,,,,,,,,,,,,,,
,,,,,,,,,,,,,,,,,,,,,,,,,,
,,,,,,,,,,,,,,,,,,,,,,,,,,
,,,,,,,,,,,,,,,,,,,,,,,,,,
,,,,,,,,,,,,,,,,,,,,,,,,,,
,,,,,,,,,,,,,,,,,,,,,,,,,,
,,,,,,,,,,,,,,,,,,,,,,,,,,
,,,,,,,,,,,,,,,,,,,,,,,,,,
,,,,,,,,,,,,,,,,,,,,,,,,,,
,,,,,,,,,,,,,,,,,,,,,,,,,,
,,,,,,,,,,,,,,,,,,,,,,,,,,
,,,,,,,,,,,,,,,,,,,,,,,,,,
,,,,,,,,,,,,,,,,,,,,,,,,,,
,,,,,,,,,,,,,,,,,,,,,,,,,,
,,,,,,,,,,,,,,,,,,,,,,,,,,
,,,,,,,,,,,,,,,,,,,,,,,,,,
,,,,,,,,,,,,,,,,,,,,,,,,,,
,,,,,,,,,,,,,,,,,,,,,,,,,,
,,,,,,,,,,,,,,,,,,,,,,,,,,
,,,,,,,,,,,,,,,,,,,,,,,,,,
,,,,,,,,,,,,,,,,,,,,,,,,,,
,,,,,,,,,,,,,,,,,,,,,,,,,,
,,,,,,,,,,,,,,,,,,,,,,,,,,
,,,,,,,,,,,,,,,,,,,,,,,,,,
,,,,,,,,,,,,,,,,,,,,,,,,,,
,,,,,,,,,,,,,,,,,,,,,,,,,,
,,,,,,,,,,,,,,,,,,,,,,,,,,
,,,,,,,,,,,,,,,,,,,,,,,,,,
,,,,,,,,,,,,,,,,,,,,,,,,,,
,,,,,,,,,,,,,,,,,,,,,,,,,,
,,,,,,,,,,,,,,,,,,,,,,,,,,
,,,,,,,,,,,,,,,,,,,,,,,,,,
,,,,,,,,,,,,,,,,,,,,,,,,,,
,,,,,,,,,,,,,,,,,,,,,,,,,,
,,,,,,,,,,,,,,,,,,,,,,,,,,
,,,,,,,,,,,,,,,,,,,,,,,,,,
,,,,,,,,,,,,,,,,,,,,,,,,,,
,,,,,,,,,,,,,,,,,,,,,,,,,,
,,,,,,,,,,,,,,,,,,,,,,,,,,
,,,,,,,,,,,,,,,,,,,,,,,,,,
,,,,,,,,,,,,,,,,,,,,,,,,,,
,,,,,,,,,,,,,,,,,,,,,,,,,,
,,,,,,,,,,,,,,,,,,,,,,,,,,
,,,,,,,,,,,,,,,,,,,,,,,,,,
,,,,,,,,,,,,,,,,,,,,,,,,,,
,,,,,,,,,,,,,,,,,,,,,,,,,,
,,,,,,,,,,,,,,,,,,,,,,,,,,
,,,,,,,,,,,,,,,,,,,,,,,,,,
,,,,,,,,,,,,,,,,,,,,,,,,,,
,,,,,,,,,,,,,,,,,,,,,,,,,,
,,,,,,,,,,,,,,,,,,,,,,,,,,
,,,,,,,,,,,,,,,,,,,,,,,,,,
,,,,,,,,,,,,,,,,,,,,,,,,,,
,,,,,,,,,,,,,,,,,,,,,,,,,,
,,,,,,,,,,,,,,,,,,,,,,,,,,
,,,,,,,,,,,,,,,,,,,,,,,,,,
,,,,,,,,,,,,,,,,,,,,,,,,,,
,,,,,,,,,,,,,,,,,,,,,,,,,,
,,,,,,,,,,,,,,,,,,,,,,,,,,
,,,,,,,,,,,,,,,,,,,,,,,,,,
,,,,,,,,,,,,,,,,,,,,,,,,,,
,,,,,,,,,,,,,,,,,,,,,,,,,,
,,,,,,,,,,,,,,,,,,,,,,,,,,
,,,,,,,,,,,,,,,,,,,,,,,,,,
,,,,,,,,,,,,,,,,,,,,,,,,,,
,,,,,,,,,,,,,,,,,,,,,,,,,,
,,,,,,,,,,,,,,,,,,,,,,,,,,
,,,,,,,,,,,,,,,,,,,,,,,,,,
,,,,,,,,,,,,,,,,,,,,,,,,,,
,,,,,,,,,,,,,,,,,,,,,,,,,,
,,,,,,,,,,,,,,,,,,,,,,,,,,
,,,,,,,,,,,,,,,,,,,,,,,,,,
,,,,,,,,,,,,,,,,,,,,,,,,,,
,,,,,,,,,,,,,,,,,,,,,,,,,,
,,,,,,,,,,,,,,,,,,,,,,,,,,
,,,,,,,,,,,,,,,,,,,,,,,,,,
,,,,,,,,,,,,,,,,,,,,,,,,,,
,,,,,,,,,,,,,,,,,,,,,,,,,,
,,,,,,,,,,,,,,,,,,,,,,,,,,
,,,,,,,,,,,,,,,,,,,,,,,,,,
,,,,,,,,,,,,,,,,,,,,,,,,,,
,,,,,,,,,,,,,,,,,,,,,,,,,,
,,,,,,,,,,,,,,,,,,,,,,,,,,
,,,,,,,,,,,,,,,,,,,,,,,,,,
,,,,,,,,,,,,,,,,,,,,,,,,,,
,,,,,,,,,,,,,,,,,,,,,,,,,,
,,,,,,,,,,,,,,,,,,,,,,,,,,
,,,,,,,,,,,,,,,,,,,,,,,,,,
,,,,,,,,,,,,,,,,,,,,,,,,,,
,,,,,,,,,,,,,,,,,,,,,,,,,,
,,,,,,,,,,,,,,,,,,,,,,,,,,
,,,,,,,,,,,,,,,,,,,,,,,,,,
,,,,,,,,,,,,,,,,,,,,,,,,,,
,,,,,,,,,,,,,,,,,,,,,,,,,,
,,,,,,,,,,,,,,,,,,,,,,,,,,
,,,,,,,,,,,,,,,,,,,,,,,,,,
,,,,,,,,,,,,,,,,,,,,,,,,,,
,,,,,,,,,,,,,,,,,,,,,,,,,,
,,,,,,,,,,,,,,,,,,,,,,,,,,
,,,,,,,,,,,,,,,,,,,,,,,,,,
,,,,,,,,,,,,,,,,,,,,,,,,,,
,,,,,,,,,,,,,,,,,,,,,,,,,,
,,,,,,,,,,,,,,,,,,,,,,,,,,
,,,,,,,,,,,,,,,,,,,,,,,,,,
,,,,,,,,,,,,,,,,,,,,,,,,,,
,,,,,,,,,,,,,,,,,,,,,,,,,,
,,,,,,,,,,,,,,,,,,,,,,,,,,
,,,,,,,,,,,,,,,,,,,,,,,,,,
,,,,,,,,,,,,,,,,,,,,,,,,,,
,,,,,,,,,,,,,,,,,,,,,,,,,,
,,,,,,,,,,,,,,,,,,,,,,,,,,
,,,,,,,,,,,,,,,,,,,,,,,,,,
,,,,,,,,,,,,,,,,,,,,,,,,,,
,,,,,,,,,,,,,,,,,,,,,,,,,,
,,,,,,,,,,,,,,,,,,,,,,,,,,
,,,,,,,,,,,,,,,,,,,,,,,,,,
,,,,,,,,,,,,,,,,,,,,,,,,,,
,,,,,,,,,,,,,,,,,,,,,,,,,,
,,,,,,,,,,,,,,,,,,,,,,,,,,
,,,,,,,,,,,,,,,,,,,,,,,,,,
,,,,,,,,,,,,,,,,,,,,,,,,,,
,,,,,,,,,,,,,,,,,,,,,,,,,,
,,,,,,,,,,,,,,,,,,,,,,,,,,
,,,,,,,,,,,,,,,,,,,,,,,,,,
,,,,,,,,,,,,,,,,,,,,,,,,,,
,,,,,,,,,,,,,,,,,,,,,,,,,,
,,,,,,,,,,,,,,,,,,,,,,,,,,
,,,,,,,,,,,,,,,,,,,,,,,,,,
,,,,,,,,,,,,,,,,,,,,,,,,,,
,,,,,,,,,,,,,,,,,,,,,,,,,,
,,,,,,,,,,,,,,,,,,,,,,,,,,
,,,,,,,,,,,,,,,,,,,,,,,,,,
,,,,,,,,,,,,,,,,,,,,,,,,,,
,,,,,,,,,,,,,,,,,,,,,,,,,,
,,,,,,,,,,,,,,,,,,,,,,,,,,
,,,,,,,,,,,,,,,,,,,,,,,,,,
,,,,,,,,,,,,,,,,,,,,,,,,,,
,,,,,,,,,,,,,,,,,,,,,,,,,,
,,,,,,,,,,,,,,,,,,,,,,,,,,
,,,,,,,,,,,,,,,,,,,,,,,,,,
,,,,,,,,,,,,,,,,,,,,,,,,,,
,,,,,,,,,,,,,,,,,,,,,,,,,,
,,,,,,,,,,,,,,,,,,,,,,,,,,
,,,,,,,,,,,,,,,,,,,,,,,,,,
,,,,,,,,,,,,,,,,,,,,,,,,,,
,,,,,,,,,,,,,,,,,,,,,,,,,,
,,,,,,,,,,,,,,,,,,,,,,,,,,
,,,,,,,,,,,,,,,,,,,,,,,,,,
,,,,,,,,,,,,,,,,,,,,,,,,,,
,,,,,,,,,,,,,,,,,,,,,,,,,,
,,,,,,,,,,,,,,,,,,,,,,,,,,
,,,,,,,,,,,,,,,,,,,,,,,,,,
,,,,,,,,,,,,,,,,,,,,,,,,,,
,,,,,,,,,,,,,,,,,,,,,,,,,,
,,,,,,,,,,,,,,,,,,,,,,,,,,
,,,,,,,,,,,,,,,,,,,,,,,,,,
,,,,,,,,,,,,,,,,,,,,,,,,,,
,,,,,,,,,,,,,,,,,,,,,,,,,,
,,,,,,,,,,,,,,,,,,,,,,,,,,
,,,,,,,,,,,,,,,,,,,,,,,,,,
,,,,,,,,,,,,,,,,,,,,,,,,,,
,,,,,,,,,,,,,,,,,,,,,,,,,,
,,,,,,,,,,,,,,,,,,,,,,,,,,
,,,,,,,,,,,,,,,,,,,,,,,,,,
,,,,,,,,,,,,,,,,,,,,,,,,,,
,,,,,,,,,,,,,,,,,,,,,,,,,,
,,,,,,,,,,,,,,,,,,,,,,,,,,
,,,,,,,,,,,,,,,,,,,,,,,,,,
,,,,,,,,,,,,,,,,,,,,,,,,,,
,,,,,,,,,,,,,,,,,,,,,,,,,,
,,,,,,,,,,,,,,,,,,,,,,,,,,
,,,,,,,,,,,,,,,,,,,,,,,,,,
,,,,,,,,,,,,,,,,,,,,,,,,,,
,,,,,,,,,,,,,,,,,,,,,,,,,,
,,,,,,,,,,,,,,,,,,,,,,,,,,
,,,,,,,,,,,,,,,,,,,,,,,,,,
,,,,,,,,,,,,,,,,,,,,,,,,,,
,,,,,,,,,,,,,,,,,,,,,,,,,,
,,,,,,,,,,,,,,,,,,,,,,,,,,
,,,,,,,,,,,,,,,,,,,,,,,,,,
,,,,,,,,,,,,,,,,,,,,,,,,,,
,,,,,,,,,,,,,,,,,,,,,,,,,,
,,,,,,,,,,,,,,,,,,,,,,,,,,
,,,,,,,,,,,,,,,,,,,,,,,,,,
,,,,,,,,,,,,,,,,,,,,,,,,,,
,,,,,,,,,,,,,,,,,,,,,,,,,,
,,,,,,,,,,,,,,,,,,,,,,,,,,
,,,,,,,,,,,,,,,,,,,,,,,,,,
,,,,,,,,,,,,,,,,,,,,,,,,,,
,,,,,,,,,,,,,,,,,,,,,,,,,,
,,,,,,,,,,,,,,,,,,,,,,,,,,
,,,,,,,,,,,,,,,,,,,,,,,,,,
,,,,,,,,,,,,,,,,,,,,,,,,,,
,,,,,,,,,,,,,,,,,,,,,,,,,,
,,,,,,,,,,,,,,,,,,,,,,,,,,
,,,,,,,,,,,,,,,,,,,,,,,,,,
,,,,,,,,,,,,,,,,,,,,,,,,,,
,,,,,,,,,,,,,,,,,,,,,,,,,,
,,,,,,,,,,,,,,,,,,,,,,,,,,
,,,,,,,,,,,,,,,,,,,,,,,,,,
,,,,,,,,,,,,,,,,,,,,,,,,,,
,,,,,,,,,,,,,,,,,,,,,,,,,,
,,,,,,,,,,,,,,,,,,,,,,,,,,
,,,,,,,,,,,,,,,,,,,,,,,,,,
,,,,,,,,,,,,,,,,,,,,,,,,,,
,,,,,,,,,,,,,,,,,,,,,,,,,,
,,,,,,,,,,,,,,,,,,,,,,,,,,
,,,,,,,,,,,,,,,,,,,,,,,,,,
,,,,,,,,,,,,,,,,,,,,,,,,,,
,,,,,,,,,,,,,,,,,,,,,,,,,,
,,,,,,,,,,,,,,,,,,,,,,,,,,
,,,,,,,,,,,,,,,,,,,,,,,,,,
,,,,,,,,,,,,,,,,,,,,,,,,,,
,,,,,,,,,,,,,,,,,,,,,,,,,,
,,,,,,,,,,,,,,,,,,,,,,,,,,
,,,,,,,,,,,,,,,,,,,,,,,,,,
,,,,,,,,,,,,,,,,,,,,,,,,,,
,,,,,,,,,,,,,,,,,,,,,,,,,,
,,,,,,,,,,,,,,,,,,,,,,,,,,
,,,,,,,,,,,,,,,,,,,,,,,,,,
,,,,,,,,,,,,,,,,,,,,,,,,,,
,,,,,,,,,,,,,,,,,,,,,,,,,,
,,,,,,,,,,,,,,,,,,,,,,,,,,
,,,,,,,,,,,,,,,,,,,,,,,,,,
,,,,,,,,,,,,,,,,,,,,,,,,,,
,,,,,,,,,,,,,,,,,,,,,,,,,,
,,,,,,,,,,,,,,,,,,,,,,,,,,
,,,,,,,,,,,,,,,,,,,,,,,,,,
,,,,,,,,,,,,,,,,,,,,,,,,,,
,,,,,,,,,,,,,,,,,,,,,,,,,,
,,,,,,,,,,,,,,,,,,,,,,,,,,
,,,,,,,,,,,,,,,,,,,,,,,,,,
,,,,,,,,,,,,,,,,,,,,,,,,,,
,,,,,,,,,,,,,,,,,,,,,,,,,,
,,,,,,,,,,,,,,,,,,,,,,,,,,
,,,,,,,,,,,,,,,,,,,,,,,,,,
,,,,,,,,,,,,,,,,,,,,,,,,,,
,,,,,,,,,,,,,,,,,,,,,,,,,,
,,,,,,,,,,,,,,,,,,,,,,,,,,
,,,,,,,,,,,,,,,,,,,,,,,,,,
,,,,,,,,,,,,,,,,,,,,,,,,,,
,,,,,,,,,,,,,,,,,,,,,,,,,,
,,,,,,,,,,,,,,,,,,,,,,,,,,
,,,,,,,,,,,,,,,,,,,,,,,,,,
,,,,,,,,,,,,,,,,,,,,,,,,,,
,,,,,,,,,,,,,,,,,,,,,,,,,,
,,,,,,,,,,,,,,,,,,,,,,,,,,
,,,,,,,,,,,,,,,,,,,,,,,,,,
,,,,,,,,,,,,,,,,,,,,,,,,,,
,,,,,,,,,,,,,,,,,,,,,,,,,,
,,,,,,,,,,,,,,,,,,,,,,,,,,
,,,,,,,,,,,,,,,,,,,,,,,,,,
,,,,,,,,,,,,,,,,,,,,,,,,,,
,,,,,,,,,,,,,,,,,,,,,,,,,,
,,,,,,,,,,,,,,,,,,,,,,,,,,
,,,,,,,,,,,,,,,,,,,,,,,,,,
,,,,,,,,,,,,,,,,,,,,,,,,,,
,,,,,,,,,,,,,,,,,,,,,,,,,,
,,,,,,,,,,,,,,,,,,,,,,,,,,
,,,,,,,,,,,,,,,,,,,,,,,,,,
,,,,,,,,,,,,,,,,,,,,,,,,,,
,,,,,,,,,,,,,,,,,,,,,,,,,,
,,,,,,,,,,,,,,,,,,,,,,,,,,
,,,,,,,,,,,,,,,,,,,,,,,,,,
,,,,,,,,,,,,,,,,,,,,,,,,,,
,,,,,,,,,,,,,,,,,,,,,,,,,,
,,,,,,,,,,,,,,,,,,,,,,,,,,
,,,,,,,,,,,,,,,,,,,,,,,,,,
,,,,,,,,,,,,,,,,,,,,,,,,,,
,,,,,,,,,,,,,,,,,,,,,,,,,,
,,,,,,,,,,,,,,,,,,,,,,,,,,
,,,,,,,,,,,,,,,,,,,,,,,,,,
,,,,,,,,,,,,,,,,,,,,,,,,,,
,,,,,,,,,,,,,,,,,,,,,,,,,,
,,,,,,,,,,,,,,,,,,,,,,,,,,
,,,,,,,,,,,,,,,,,,,,,,,,,,
,,,,,,,,,,,,,,,,,,,,,,,,,,
,,,,,,,,,,,,,,,,,,,,,,,,,,
,,,,,,,,,,,,,,,,,,,,,,,,,,
,,,,,,,,,,,,,,,,,,,,,,,,,,
,,,,,,,,,,,,,,,,,,,,,,,,,,
,,,,,,,,,,,,,,,,,,,,,,,,,,
,,,,,,,,,,,,,,,,,,,,,,,,,,
,,,,,,,,,,,,,,,,,,,,,,,,,,
,,,,,,,,,,,,,,,,,,,,,,,,,,
,,,,,,,,,,,,,,,,,,,,,,,,,,
,,,,,,,,,,,,,,,,,,,,,,,,,,
,,,,,,,,,,,,,,,,,,,,,,,,,,
,,,,,,,,,,,,,,,,,,,,,,,,,,
,,,,,,,,,,,,,,,,,,,,,,,,,,
,,,,,,,,,,,,,,,,,,,,,,,,,,
,,,,,,,,,,,,,,,,,,,,,,,,,,
,,,,,,,,,,,,,,,,,,,,,,,,,,
,,,,,,,,,,,,,,,,,,,,,,,,,,
,,,,,,,,,,,,,,,,,,,,,,,,,,
,,,,,,,,,,,,,,,,,,,,,,,,,,
,,,,,,,,,,,,,,,,,,,,,,,,,,
,,,,,,,,,,,,,,,,,,,,,,,,,,
,,,,,,,,,,,,,,,,,,,,,,,,,,
,,,,,,,,,,,,,,,,,,,,,,,,,,
,,,,,,,,,,,,,,,,,,,,,,,,,,
,,,,,,,,,,,,,,,,,,,,,,,,,,
,,,,,,,,,,,,,,,,,,,,,,,,,,
,,,,,,,,,,,,,,,,,,,,,,,,,,
,,,,,,,,,,,,,,,,,,,,,,,,,,
,,,,,,,,,,,,,,,,,,,,,,,,,,
,,,,,,,,,,,,,,,,,,,,,,,,,,
,,,,,,,,,,,,,,,,,,,,,,,,,,
,,,,,,,,,,,,,,,,,,,,,,,,,,
,,,,,,,,,,,,,,,,,,,,,,,,,,
,,,,,,,,,,,,,,,,,,,,,,,,,,
,,,,,,,,,,,,,,,,,,,,,,,,,,
,,,,,,,,,,,,,,,,,,,,,,,,,,
,,,,,,,,,,,,,,,,,,,,,,,,,,
,,,,,,,,,,,,,,,,,,,,,,,,,,
,,,,,,,,,,,,,,,,,,,,,,,,,,
,,,,,,,,,,,,,,,,,,,,,,,,,,
,,,,,,,,,,,,,,,,,,,,,,,,,,
,,,,,,,,,,,,,,,,,,,,,,,,,,
,,,,,,,,,,,,,,,,,,,,,,,,,,
,,,,,,,,,,,,,,,,,,,,,,,,,,
,,,,,,,,,,,,,,,,,,,,,,,,,,
,,,,,,,,,,,,,,,,,,,,,,,,,,
,,,,,,,,,,,,,,,,,,,,,,,,,,
,,,,,,,,,,,,,,,,,,,,,,,,,,
,,,,,,,,,,,,,,,,,,,,,,,,,,
,,,,,,,,,,,,,,,,,,,,,,,,,,
,,,,,,,,,,,,,,,,,,,,,,,,,,
,,,,,,,,,,,,,,,,,,,,,,,,,,
,,,,,,,,,,,,,,,,,,,,,,,,,,
,,,,,,,,,,,,,,,,,,,,,,,,,,
,,,,,,,,,,,,,,,,,,,,,,,,,,
,,,,,,,,,,,,,,,,,,,,,,,,,,
,,,,,,,,,,,,,,,,,,,,,,,,,,
,,,,,,,,,,,,,,,,,,,,,,,,,,
,,,,,,,,,,,,,,,,,,,,,,,,,,
,,,,,,,,,,,,,,,,,,,,,,,,,,
,,,,,,,,,,,,,,,,,,,,,,,,,,
,,,,,,,,,,,,,,,,,,,,,,,,,,
,,,,,,,,,,,,,,,,,,,,,,,,,,
,,,,,,,,,,,,,,,,,,,,,,,,,,
,,,,,,,,,,,,,,,,,,,,,,,,,,
,,,,,,,,,,,,,,,,,,,,,,,,,,
,,,,,,,,,,,,,,,,,,,,,,,,,,
,,,,,,,,,,,,,,,,,,,,,,,,,,
,,,,,,,,,,,,,,,,,,,,,,,,,,
,,,,,,,,,,,,,,,,,,,,,,,,,,
,,,,,,,,,,,,,,,,,,,,,,,,,,
,,,,,,,,,,,,,,,,,,,,,,,,,,
,,,,,,,,,,,,,,,,,,,,,,,,,,
,,,,,,,,,,,,,,,,,,,,,,,,,,
,,,,,,,,,,,,,,,,,,,,,,,,,,
,,,,,,,,,,,,,,,,,,,,,,,,,,
,,,,,,,,,,,,,,,,,,,,,,,,,,
,,,,,,,,,,,,,,,,,,,,,,,,,,
,,,,,,,,,,,,,,,,,,,,,,,,,,
,,,,,,,,,,,,,,,,,,,,,,,,,,
,,,,,,,,,,,,,,,,,,,,,,,,,,
,,,,,,,,,,,,,,,,,,,,,,,,,,
,,,,,,,,,,,,,,,,,,,,,,,,,,
,,,,,,,,,,,,,,,,,,,,,,,,,,
,,,,,,,,,,,,,,,,,,,,,,,,,,
,,,,,,,,,,,,,,,,,,,,,,,,,,
,,,,,,,,,,,,,,,,,,,,,,,,,,
,,,,,,,,,,,,,,,,,,,,,,,,,,
,,,,,,,,,,,,,,,,,,,,,,,,,,
,,,,,,,,,,,,,,,,,,,,,,,,,,
,,,,,,,,,,,,,,,,,,,,,,,,,,
,,,,,,,,,,,,,,,,,,,,,,,,,,
,,,,,,,,,,,,,,,,,,,,,,,,,,
,,,,,,,,,,,,,,,,,,,,,,,,,,
,,,,,,,,,,,,,,,,,,,,,,,,,,
,,,,,,,,,,,,,,,,,,,,,,,,,,
,,,,,,,,,,,,,,,,,,,,,,,,,,
,,,,,,,,,,,,,,,,,,,,,,,,,,
,,,,,,,,,,,,,,,,,,,,,,,,,,
,,,,,,,,,,,,,,,,,,,,,,,,,,
,,,,,,,,,,,,,,,,,,,,,,,,,,
,,,,,,,,,,,,,,,,,,,,,,,,,,
,,,,,,,,,,,,,,,,,,,,,,,,,,
,,,,,,,,,,,,,,,,,,,,,,,,,,
,,,,,,,,,,,,,,,,,,,,,,,,,,
,,,,,,,,,,,,,,,,,,,,,,,,,,
,,,,,,,,,,,,,,,,,,,,,,,,,,
,,,,,,,,,,,,,,,,,,,,,,,,,,
,,,,,,,,,,,,,,,,,,,,,,,,,,
,,,,,,,,,,,,,,,,,,,,,,,,,,
,,,,,,,,,,,,,,,,,,,,,,,,,,
,,,,,,,,,,,,,,,,,,,,,,,,,,
,,,,,,,,,,,,,,,,,,,,,,,,,,
,,,,,,,,,,,,,,,,,,,,,,,,,,
,,,,,,,,,,,,,,,,,,,,,,,,,,
,,,,,,,,,,,,,,,,,,,,,,,,,,
,,,,,,,,,,,,,,,,,,,,,,,,,,
,,,,,,,,,,,,,,,,,,,,,,,,,,
,,,,,,,,,,,,,,,,,,,,,,,,,,
,,,,,,,,,,,,,,,,,,,,,,,,,,
,,,,,,,,,,,,,,,,,,,,,,,,,,
,,,,,,,,,,,,,,,,,,,,,,,,,,
,,,,,,,,,,,,,,,,,,,,,,,,,,
,,,,,,,,,,,,,,,,,,,,,,,,,,
,,,,,,,,,,,,,,,,,,,,,,,,,,
,,,,,,,,,,,,,,,,,,,,,,,,,,
,,,,,,,,,,,,,,,,,,,,,,,,,,
,,,,,,,,,,,,,,,,,,,,,,,,,,
,,,,,,,,,,,,,,,,,,,,,,,,,,
,,,,,,,,,,,,,,,,,,,,,,,,,,
,,,,,,,,,,,,,,,,,,,,,,,,,,
,,,,,,,,,,,,,,,,,,,,,,,,,,
,,,,,,,,,,,,,,,,,,,,,,,,,,
,,,,,,,,,,,,,,,,,,,,,,,,,,
,,,,,,,,,,,,,,,,,,,,,,,,,,
,,,,,,,,,,,,,,,,,,,,,,,,,,
,,,,,,,,,,,,,,,,,,,,,,,,,,
,,,,,,,,,,,,,,,,,,,,,,,,,,
,,,,,,,,,,,,,,,,,,,,,,,,,,
,,,,,,,,,,,,,,,,,,,,,,,,,,
,,,,,,,,,,,,,,,,,,,,,,,,,,
,,,,,,,,,,,,,,,,,,,,,,,,,,
,,,,,,,,,,,,,,,,,,,,,,,,,,
,,,,,,,,,,,,,,,,,,,,,,,,,,
,,,,,,,,,,,,,,,,,,,,,,,,,,
,,,,,,,,,,,,,,,,,,,,,,,,,,
,,,,,,,,,,,,,,,,,,,,,,,,,,
,,,,,,,,,,,,,,,,,,,,,,,,,,
,,,,,,,,,,,,,,,,,,,,,,,,,,
,,,,,,,,,,,,,,,,,,,,,,,,,,
,,,,,,,,,,,,,,,,,,,,,,,,,,
,,,,,,,,,,,,,,,,,,,,,,,,,,
,,,,,,,,,,,,,,,,,,,,,,,,,,
,,,,,,,,,,,,,,,,,,,,,,,,,,
,,,,,,,,,,,,,,,,,,,,,,,,,,
,,,,,,,,,,,,,,,,,,,,,,,,,,
,,,,,,,,,,,,,,,,,,,,,,,,,,
,,,,,,,,,,,,,,,,,,,,,,,,,,
,,,,,,,,,,,,,,,,,,,,,,,,,,
,,,,,,,,,,,,,,,,,,,,,,,,,,
,,,,,,,,,,,,,,,,,,,,,,,,,,
,,,,,,,,,,,,,,,,,,,,,,,,,,
,,,,,,,,,,,,,,,,,,,,,,,,,,
,,,,,,,,,,,,,,,,,,,,,,,,,,
,,,,,,,,,,,,,,,,,,,,,,,,,,
,,,,,,,,,,,,,,,,,,,,,,,,,,
,,,,,,,,,,,,,,,,,,,,,,,,,,
,,,,,,,,,,,,,,,,,,,,,,,,,,
,,,,,,,,,,,,,,,,,,,,,,,,,,
,,,,,,,,,,,,,,,,,,,,,,,,,,
,,,,,,,,,,,,,,,,,,,,,,,,,,
,,,,,,,,,,,,,,,,,,,,,,,,,,
,,,,,,,,,,,,,,,,,,,,,,,,,,
,,,,,,,,,,,,,,,,,,,,,,,,,,
,,,,,,,,,,,,,,,,,,,,,,,,,,
,,,,,,,,,,,,,,,,,,,,,,,,,,
,,,,,,,,,,,,,,,,,,,,,,,,,,
,,,,,,,,,,,,,,,,,,,,,,,,,,
,,,,,,,,,,,,,,,,,,,,,,,,,,
,,,,,,,,,,,,,,,,,,,,,,,,,,
,,,,,,,,,,,,,,,,,,,,,,,,,,
,,,,,,,,,,,,,,,,,,,,,,,,,,
,,,,,,,,,,,,,,,,,,,,,,,,,,
,,,,,,,,,,,,,,,,,,,,,,,,,,
,,,,,,,,,,,,,,,,,,,,,,,,,,
,,,,,,,,,,,,,,,,,,,,,,,,,,
,,,,,,,,,,,,,,,,,,,,,,,,,,
,,,,,,,,,,,,,,,,,,,,,,,,,,
,,,,,,,,,,,,,,,,,,,,,,,,,,
,,,,,,,,,,,,,,,,,,,,,,,,,,
,,,,,,,,,,,,,,,,,,,,,,,,,,
,,,,,,,,,,,,,,,,,,,,,,,,,,
,,,,,,,,,,,,,,,,,,,,,,,,,,
,,,,,,,,,,,,,,,,,,,,,,,,,,
,,,,,,,,,,,,,,,,,,,,,,,,,,
,,,,,,,,,,,,,,,,,,,,,,,,,,
,,,,,,,,,,,,,,,,,,,,,,,,,,
,,,,,,,,,,,,,,,,,,,,,,,,,,
,,,,,,,,,,,,,,,,,,,,,,,,,,
,,,,,,,,,,,,,,,,,,,,,,,,,,
,,,,,,,,,,,,,,,,,,,,,,,,,,
,,,,,,,,,,,,,,,,,,,,,,,,,,
,,,,,,,,,,,,,,,,,,,,,,,,,,
,,,,,,,,,,,,,,,,,,,,,,,,,,
,,,,,,,,,,,,,,,,,,,,,,,,,,
,,,,,,,,,,,,,,,,,,,,,,,,,,
,,,,,,,,,,,,,,,,,,,,,,,,,,
,,,,,,,,,,,,,,,,,,,,,,,,,,
,,,,,,,,,,,,,,,,,,,,,,,,,,
,,,,,,,,,,,,,,,,,,,,,,,,,,
,,,,,,,,,,,,,,,,,,,,,,,,,,
,,,,,,,,,,,,,,,,,,,,,,,,,,
,,,,,,,,,,,,,,,,,,,,,,,,,,
,,,,,,,,,,,,,,,,,,,,,,,,,,
,,,,,,,,,,,,,,,,,,,,,,,,,,
,,,,,,,,,,,,,,,,,,,,,,,,,,
,,,,,,,,,,,,,,,,,,,,,,,,,,
,,,,,,,,,,,,,,,,,,,,,,,,,,
,,,,,,,,,,,,,,,,,,,,,,,,,,
,,,,,,,,,,,,,,,,,,,,,,,,,,
,,,,,,,,,,,,,,,,,,,,,,,,,,
,,,,,,,,,,,,,,,,,,,,,,,,,,
,,,,,,,,,,,,,,,,,,,,,,,,,,
,,,,,,,,,,,,,,,,,,,,,,,,,,
,,,,,,,,,,,,,,,,,,,,,,,,,,
,,,,,,,,,,,,,,,,,,,,,,,,,,
,,,,,,,,,,,,,,,,,,,,,,,,,,
,,,,,,,,,,,,,,,,,,,,,,,,,,
,,,,,,,,,,,,,,,,,,,,,,,,,,
,,,,,,,,,,,,,,,,,,,,,,,,,,
,,,,,,,,,,,,,,,,,,,,,,,,,,
,,,,,,,,,,,,,,,,,,,,,,,,,,
,,,,,,,,,,,,,,,,,,,,,,,,,,
,,,,,,,,,,,,,,,,,,,,,,,,,,
,,,,,,,,,,,,,,,,,,,,,,,,,,
,,,,,,,,,,,,,,,,,,,,,,,,,,
,,,,,,,,,,,,,,,,,,,,,,,,,,
,,,,,,,,,,,,,,,,,,,,,,,,,,
,,,,,,,,,,,,,,,,,,,,,,,,,,
,,,,,,,,,,,,,,,,,,,,,,,,,,
,,,,,,,,,,,,,,,,,,,,,,,,,,
,,,,,,,,,,,,,,,,,,,,,,,,,,
,,,,,,,,,,,,,,,,,,,,,,,,,,
,,,,,,,,,,,,,,,,,,,,,,,,,,
,,,,,,,,,,,,,,,,,,,,,,,,,,
,,,,,,,,,,,,,,,,,,,,,,,,,,
,,,,,,,,,,,,,,,,,,,,,,,,,,
,,,,,,,,,,,,,,,,,,,,,,,,,,
,,,,,,,,,,,,,,,,,,,,,,,,,,
,,,,,,,,,,,,,,,,,,,,,,,,,,
,,,,,,,,,,,,,,,,,,,,,,,,,,
,,,,,,,,,,,,,,,,,,,,,,,,,,
,,,,,,,,,,,,,,,,,,,,,,,,,,
,,,,,,,,,,,,,,,,,,,,,,,,,,
,,,,,,,,,,,,,,,,,,,,,,,,,,
,,,,,,,,,,,,,,,,,,,,,,,,,,
,,,,,,,,,,,,,,,,,,,,,,,,,,
,,,,,,,,,,,,,,,,,,,,,,,,,,
,,,,,,,,,,,,,,,,,,,,,,,,,,
,,,,,,,,,,,,,,,,,,,,,,,,,,
,,,,,,,,,,,,,,,,,,,,,,,,,,
,,,,,,,,,,,,,,,,,,,,,,,,,,
,,,,,,,,,,,,,,,,,,,,,,,,,,
,,,,,,,,,,,,,,,,,,,,,,,,,,
,,,,,,,,,,,,,,,,,,,,,,,,,,
,,,,,,,,,,,,,,,,,,,,,,,,,,
,,,,,,,,,,,,,,,,,,,,,,,,,,
,,,,,,,,,,,,,,,,,,,,,,,,,,
,,,,,,,,,,,,,,,,,,,,,,,,,,
,,,,,,,,,,,,,,,,,,,,,,,,,,
,,,,,,,,,,,,,,,,,,,,,,,,,,
,,,,,,,,,,,,,,,,,,,,,,,,,,
,,,,,,,,,,,,,,,,,,,,,,,,,,
,,,,,,,,,,,,,,,,,,,,,,,,,,
,,,,,,,,,,,,,,,,,,,,,,,,,,
,,,,,,,,,,,,,,,,,,,,,,,,,,
,,,,,,,,,,,,,,,,,,,,,,,,,,
,,,,,,,,,,,,,,,,,,,,,,,,,,
,,,,,,,,,,,,,,,,,,,,,,,,,,
,,,,,,,,,,,,,,,,,,,,,,,,,,
,,,,,,,,,,,,,,,,,,,,,,,,,,
,,,,,,,,,,,,,,,,,,,,,,,,,,
,,,,,,,,,,,,,,,,,,,,,,,,,,
,,,,,,,,,,,,,,,,,,,,,,,,,,
,,,,,,,,,,,,,,,,,,,,,,,,,,
,,,,,,,,,,,,,,,,,,,,,,,,,,
,,,,,,,,,,,,,,,,,,,,,,,,,,
,,,,,,,,,,,,,,,,,,,,,,,,,,
,,,,,,,,,,,,,,,,,,,,,,,,,,
,,,,,,,,,,,,,,,,,,,,,,,,,,
,,,,,,,,,,,,,,,,,,,,,,,,,,
,,,,,,,,,,,,,,,,,,,,,,,,,,
,,,,,,,,,,,,,,,,,,,,,,,,,,
,,,,,,,,,,,,,,,,,,,,,,,,,,
,,,,,,,,,,,,,,,,,,,,,,,,,,
,,,,,,,,,,,,,,,,,,,,,,,,,,
,,,,,,,,,,,,,,,,,,,,,,,,,,
,,,,,,,,,,,,,,,,,,,,,,,,,,
,,,,,,,,,,,,,,,,,,,,,,,,,,
,,,,,,,,,,,,,,,,,,,,,,,,,,
,,,,,,,,,,,,,,,,,,,,,,,,,,
,,,,,,,,,,,,,,,,,,,,,,,,,,
,,,,,,,,,,,,,,,,,,,,,,,,,,
,,,,,,,,,,,,,,,,,,,,,,,,,,
,,,,,,,,,,,,,,,,,,,,,,,,,,
,,,,,,,,,,,,,,,,,,,,,,,,,,
,,,,,,,,,,,,,,,,,,,,,,,,,,
,,,,,,,,,,,,,,,,,,,,,,,,,,
,,,,,,,,,,,,,,,,,,,,,,,,,,
,,,,,,,,,,,,,,,,,,,,,,,,,,
,,,,,,,,,,,,,,,,,,,,,,,,,,
,,,,,,,,,,,,,,,,,,,,,,,,,,
,,,,,,,,,,,,,,,,,,,,,,,,,,
,,,,,,,,,,,,,,,,,,,,,,,,,,
,,,,,,,,,,,,,,,,,,,,,,,,,,
,,,,,,,,,,,,,,,,,,,,,,,,,,
,,,,,,,,,,,,,,,,,,,,,,,,,,
,,,,,,,,,,,,,,,,,,,,,,,,,,
,,,,,,,,,,,,,,,,,,,,,,,,,,
,,,,,,,,,,,,,,,,,,,,,,,,,,
,,,,,,,,,,,,,,,,,,,,,,,,,,
,,,,,,,,,,,,,,,,,,,,,,,,,,
,,,,,,,,,,,,,,,,,,,,,,,,,,
,,,,,,,,,,,,,,,,,,,,,,,,,,
,,,,,,,,,,,,,,,,,,,,,,,,,,
,,,,,,,,,,,,,,,,,,,,,,,,,,
,,,,,,,,,,,,,,,,,,,,,,,,,,
,,,,,,,,,,,,,,,,,,,,,,,,,,
,,,,,,,,,,,,,,,,,,,,,,,,,,
,,,,,,,,,,,,,,,,,,,,,,,,,,
,,,,,,,,,,,,,,,,,,,,,,,,,,
,,,,,,,,,,,,,,,,,,,,,,,,,,
,,,,,,,,,,,,,,,,,,,,,,,,,,
,,,,,,,,,,,,,,,,,,,,,,,,,,
,,,,,,,,,,,,,,,,,,,,,,,,,,
,,,,,,,,,,,,,,,,,,,,,,,,,,
,,,,,,,,,,,,,,,,,,,,,,,,,,
,,,,,,,,,,,,,,,,,,,,,,,,,,
,,,,,,,,,,,,,,,,,,,,,,,,,,
,,,,,,,,,,,,,,,,,,,,,,,,,,
,,,,,,,,,,,,,,,,,,,,,,,,,,
,,,,,,,,,,,,,,,,,,,,,,,,,,
,,,,,,,,,,,,,,,,,,,,,,,,,,
,,,,,,,,,,,,,,,,,,,,,,,,,,
,,,,,,,,,,,,,,,,,,,,,,,,,,
,,,,,,,,,,,,,,,,,,,,,,,,,,
,,,,,,,,,,,,,,,,,,,,,,,,,,
,,,,,,,,,,,,,,,,,,,,,,,,,,
,,,,,,,,,,,,,,,,,,,,,,,,,,
,,,,,,,,,,,,,,,,,,,,,,,,,,
,,,,,,,,,,,,,,,,,,,,,,,,,,
,,,,,,,,,,,,,,,,,,,,,,,,,,
,,,,,,,,,,,,,,,,,,,,,,,,,,
,,,,,,,,,,,,,,,,,,,,,,,,,,
,,,,,,,,,,,,,,,,,,,,,,,,,,
,,,,,,,,,,,,,,,,,,,,,,,,,,
,,,,,,,,,,,,,,,,,,,,,,,,,,
,,,,,,,,,,,,,,,,,,,,,,,,,,
,,,,,,,,,,,,,,,,,,,,,,,,,,
,,,,,,,,,,,,,,,,,,,,,,,,,,
,,,,,,,,,,,,,,,,,,,,,,,,,,
,,,,,,,,,,,,,,,,,,,,,,,,,,
,,,,,,,,,,,,,,,,,,,,,,,,,,
,,,,,,,,,,,,,,,,,,,,,,,,,,
,,,,,,,,,,,,,,,,,,,,,,,,,,
,,,,,,,,,,,,,,,,,,,,,,,,,,
,,,,,,,,,,,,,,,,,,,,,,,,,,
,,,,,,,,,,,,,,,,,,,,,,,,,,
,,,,,,,,,,,,,,,,,,,,,,,,,,
,,,,,,,,,,,,,,,,,,,,,,,,,,
,,,,,,,,,,,,,,,,,,,,,,,,,,
,,,,,,,,,,,,,,,,,,,,,,,,,,
,,,,,,,,,,,,,,,,,,,,,,,,,,
,,,,,,,,,,,,,,,,,,,,,,,,,,
,,,,,,,,,,,,,,,,,,,,,,,,,,
,,,,,,,,,,,,,,,,,,,,,,,,,,
,,,,,,,,,,,,,,,,,,,,,,,,,,
,,,,,,,,,,,,,,,,,,,,,,,,,,
,,,,,,,,,,,,,,,,,,,,,,,,,,
,,,,,,,,,,,,,,,,,,,,,,,,,,
,,,,,,,,,,,,,,,,,,,,,,,,,,
,,,,,,,,,,,,,,,,,,,,,,,,,,
,,,,,,,,,,,,,,,,,,,,,,,,,,
,,,,,,,,,,,,,,,,,,,,,,,,,,
,,,,,,,,,,,,,,,,,,,,,,,,,,
,,,,,,,,,,,,,,,,,,,,,,,,,,
,,,,,,,,,,,,,,,,,,,,,,,,,,
,,,,,,,,,,,,,,,,,,,,,,,,,,
,,,,,,,,,,,,,,,,,,,,,,,,,,
,,,,,,,,,,,,,,,,,,,,,,,,,,
,,,,,,,,,,,,,,,,,,,,,,,,,,
,,,,,,,,,,,,,,,,,,,,,,,,,,
,,,,,,,,,,,,,,,,,,,,,,,,,,
,,,,,,,,,,,,,,,,,,,,,,,,,,
,,,,,,,,,,,,,,,,,,,,,,,,,,
,,,,,,,,,,,,,,,,,,,,,,,,,,
,,,,,,,,,,,,,,,,,,,,,,,,,,
,,,,,,,,,,,,,,,,,,,,,,,,,,
,,,,,,,,,,,,,,,,,,,,,,,,,,
,,,,,,,,,,,,,,,,,,,,,,,,,,
,,,,,,,,,,,,,,,,,,,,,,,,,,
,,,,,,,,,,,,,,,,,,,,,,,,,,
,,,,,,,,,,,,,,,,,,,,,,,,,,
,,,,,,,,,,,,,,,,,,,,,,,,,,
,,,,,,,,,,,,,,,,,,,,,,,,,,
,,,,,,,,,,,,,,,,,,,,,,,,,,
,,,,,,,,,,,,,,,,,,,,,,,,,,
,,,,,,,,,,,,,,,,,,,,,,,,,,
,,,,,,,,,,,,,,,,,,,,,,,,,,
,,,,,,,,,,,,,,,,,,,,,,,,,,
,,,,,,,,,,,,,,,,,,,,,,,,,,
,,,,,,,,,,,,,,,,,,,,,,,,,,
,,,,,,,,,,,,,,,,,,,,,,,,,,
,,,,,,,,,,,,,,,,,,,,,,,,,,
,,,,,,,,,,,,,,,,,,,,,,,,,,
,,,,,,,,,,,,,,,,,,,,,,,,,,
,,,,,,,,,,,,,,,,,,,,,,,,,,
,,,,,,,,,,,,,,,,,,,,,,,,,,
,,,,,,,,,,,,,,,,,,,,,,,,,,
,,,,,,,,,,,,,,,,,,,,,,,,,,
,,,,,,,,,,,,,,,,,,,,,,,,,,
,,,,,,,,,,,,,,,,,,,,,,,,,,
,,,,,,,,,,,,,,,,,,,,,,,,,,
,,,,,,,,,,,,,,,,,,,,,,,,,,
,,,,,,,,,,,,,,,,,,,,,,,,,,
,,,,,,,,,,,,,,,,,,,,,,,,,,
,,,,,,,,,,,,,,,,,,,,,,,,,,
,,,,,,,,,,,,,,,,,,,,,,,,,,
,,,,,,,,,,,,,,,,,,,,,,,,,,
,,,,,,,,,,,,,,,,,,,,,,,,,,
,,,,,,,,,,,,,,,,,,,,,,,,,,
,,,,,,,,,,,,,,,,,,,,,,,,,,
,,,,,,,,,,,,,,,,,,,,,,,,,,
,,,,,,,,,,,,,,,,,,,,,,,,,,
,,,,,,,,,,,,,,,,,,,,,,,,,,
,,,,,,,,,,,,,,,,,,,,,,,,,,
,,,,,,,,,,,,,,,,,,,,,,,,,,
,,,,,,,,,,,,,,,,,,,,,,,,,,
,,,,,,,,,,,,,,,,,,,,,,,,,,
,,,,,,,,,,,,,,,,,,,,,,,,,,
,,,,,,,,,,,,,,,,,,,,,,,,,,
,,,,,,,,,,,,,,,,,,,,,,,,,,
,,,,,,,,,,,,,,,,,,,,,,,,,,
,,,,,,,,,,,,,,,,,,,,,,,,,,
,,,,,,,,,,,,,,,,,,,,,,,,,,
,,,,,,,,,,,,,,,,,,,,,,,,,,
,,,,,,,,,,,,,,,,,,,,,,,,,,
,,,,,,,,,,,,,,,,,,,,,,,,,,
,,,,,,,,,,,,,,,,,,,,,,,,,,
,,,,,,,,,,,,,,,,,,,,,,,,,,
,,,,,,,,,,,,,,,,,,,,,,,,,,
,,,,,,,,,,,,,,,,,,,,,,,,,,
,,,,,,,,,,,,,,,,,,,,,,,,,,
,,,,,,,,,,,,,,,,,,,,,,,,,,
,,,,,,,,,,,,,,,,,,,,,,,,,,
,,,,,,,,,,,,,,,,,,,,,,,,,,
,,,,,,,,,,,,,,,,,,,,,,,,,,
,,,,,,,,,,,,,,,,,,,,,,,,,,
,,,,,,,,,,,,,,,,,,,,,,,,,,
,,,,,,,,,,,,,,,,,,,,,,,,,,
,,,,,,,,,,,,,,,,,,,,,,,,,,
,,,,,,,,,,,,,,,,,,,,,,,,,,
,,,,,,,,,,,,,,,,,,,,,,,,,,
,,,,,,,,,,,,,,,,,,,,,,,,,,
,,,,,,,,,,,,,,,,,,,,,,,,,,
,,,,,,,,,,,,,,,,,,,,,,,,,,
,,,,,,,,,,,,,,,,,,,,,,,,,,
,,,,,,,,,,,,,,,,,,,,,,,,,,
