question_id,industry_type,question_text,topic_category,option_type,difficulty_level,report_section,learning_objective,question_note,option_A,option_A_note,option_B,option_B_note,option_C,option_C_note,option_D,option_D_note,option_E,option_E_note,follow_up,allow_custom_answer,allow_skip,free_answer_note,report_topic,learning_goal,answer_tags,,
C000,零售業,什麼是溫室氣體？,ESG 教學導入,multi_learning,teaching,ESG 教學導入,認識溫室氣體種類與零售日常的關聯性,零售門市在日常營運中也會排放各種溫室氣體，例如照明、冷藏設備、配送與包裝廢棄物。溫室氣體不只包含二氧化碳，還有甲烷、氧化亞氮與冷媒等。理解這些氣體的來源，是開始碳盤查與 ESG 的第一步。,CO₂,二氧化碳，最常見，來自照明、空調與物流運輸,CH₄,甲烷，來自包裝廢棄物、廚餘或有機垃圾分解處理,N₂O,氧化亞氮，可能來自冷藏設備、高溫加工或熱能設備,HFCs,氫氟碳化物，常見於門市冷藏、空調與冷凍展示櫃的冷媒,SF₆,六氟化硫，雖少見但可能存在於大型供電或UPS設備,哪些來自冷凍設備？哪些與物流或照明有關？,FALSE,TRUE,看完說明即可繼續,ESG 認知導入,建立用戶對常見溫室氣體種類與來源的基礎理解,"ESG基礎, 零售排放, 教學題",,
C001,零售業,零售業的碳排放來自哪些地方？,排放源辨識與確認,multiple,beginner,排放源分類診斷,能辨識企業內部與外部主要碳排放來源,零售業的碳排放主要來自店面用電（照明、冷氣、冷凍櫃）、物流運輸（配送、調貨）、商品包裝與一次性用品，以及廢棄物處理。了解這些來源，有助於找出減碳機會，降低成本並提升形象。,店鋪照明與空調,營業空間的電力使用，是零售業最主要的碳排來源之一,冷藏與展示設備,超商、超市或生鮮部門的冷藏設備耗能大，冷媒也會排放 GHG,物流與配送,從倉儲到門市的配送與調貨過程會產生大量油耗與碳排放,商品包裝,使用過度包材或塑膠袋是零售業常見的間接排放來源,廢棄物管理,商品過期、退貨品、包裝垃圾皆會影響總排放量,哪些來源能靠門市管理或系統改善？,FALSE,TRUE,看完說明即可繼續,碳排放來源辨識,能初步理解營運活動與碳排放的對應關係,"排放源, 零售營運, 初階診斷",,
C002,零售業,什麼是碳足跡？,排放源辨識與確認,multiple,beginner,排放熱點分析,理解碳足跡概念，並能識別企業流程中高碳區塊,碳足跡是指一間零售企業在商品販售與營運過程中產生的總碳排放量。它可透過記錄用電、物流、採購、包裝與廢棄物等數據來估算，協助企業識別減碳機會並優化流程。,店面營運行為,門市開燈時間、冷氣溫度設定等日常行為會影響碳足跡,商品與供應鏈,商品生產地、包材來源、採購方式影響整體碳足跡,倉儲與物流,倉庫與配送階段若效率不佳，會增加整體碳排量,顧客使用階段,顧客如何使用包裝、是否重複購物袋等行為也會影響碳足跡,設備保養與維護,不定期保養會讓用電效率降低，提升碳排放,零售碳足跡能怎麼應用在管理與溝通上？,FALSE,TRUE,看完說明即可繼續,碳足跡基礎概念,建立從產品與服務視角理解碳排放的能力,"碳足跡, 營運熱點, 零售業活動",,
C003,零售業,為什麼零售業需要進行碳盤查？,報告需求與後續行動,multiple,beginner,碳盤查動機與導入評估,釐清企業盤查動機，作為診斷起點依據,碳盤查可協助零售企業掌握耗能熱點，優化供應鏈、減少浪費並提升形象。面對 ESG 法規與消費者壓力，提早導入碳盤查能強化競爭力並避免潛在成本。,降低營運成本,找出高耗能設備與無效率流程，有助節電節資,回應法規與趨勢,政策日益強調碳披露，供應鏈碳盤查也成為新門檻,提升顧客好感,消費者愈重視環保價值，綠色品牌更具吸引力,爭取綠色採購,政府與大品牌選擇合作對象時更重視永續表現,建立制度與習慣,建立部門分工與記錄流程，有助減碳行動落實,哪些部門能成為碳盤查推動關鍵角色？,FALSE,TRUE,看完說明即可繼續,ESG 行動動機辨識,建立企業導入碳管理的誘因理解能力,"ESG動機, 零售效率, 節能政策",,
C004,零售業,零售業的碳盤查數據從哪裡來？,數據收集方式與能力,multiple,beginner,活動數據基礎盤點,檢視企業現階段掌握的數據類型與完整度,零售業碳盤查的數據來自營運與後勤系統，例如電費單、配送紀錄、採購發票與包裝耗材記錄等。透過這些數據可估算排放量，支援管理決策與報告撰寫。,店鋪能源帳單,門市與總部的電費與瓦斯使用，是排放的基礎來源之一,採購與庫存資料,商品、包裝、耗材與備品的採購資訊影響供應鏈碳足跡,配送與物流紀錄,調貨路線、車隊油耗與距離等數據是重要盤查依據,廢棄物與回收表單,商品過期報廢、包裝垃圾與回收狀況皆影響盤查結果,設備系統與 POS,POS 系統、能源監控或冷凍監控設備能提供更精準數據,哪些數據能自動化收集？哪些還靠人工整理？,FALSE,TRUE,看完說明即可繼續,數據來源與記錄盤點,提升企業盤查資料管理與組織能力,"數據收集, 零售營運, 記帳工具",,
B001,零售業,公司規模如何？（員工數、營業點數，單一/多點/連鎖？）,邊界設定與組織資訊,single,beginner,組織現況分析,理解公司組織結構與規模對盤查邊界的影響,零售業的公司規模與營業據點數影響碳盤查範圍與數據管理。小型零售店通常僅需記錄單一門市的用電、運輸與包裝數據，而大型連鎖零售企業則需整合多個門市、倉儲物流與供應鏈數據，需設計更嚴謹的盤查機制以確保數據一致性與合規性。,1-10人,適用於小型獨立商店，碳盤查範圍較單純，通常涵蓋門市用電與營運排放。,11-50人,適用於區域型零售店，可能需要追蹤基礎物流與倉儲能源使用。,51-200人,適用於連鎖品牌或中型超市，需整合多個門市與配送中心的碳排放數據。,201-500人,適用於全國性零售企業，應建立中央 ESG 團隊負責碳管理與報告。,501人以上,適用於國際零售集團，須整合全球數據並確保供應鏈碳排放管理。 ,"員工是否含兼職？, 營業據點為自營還是加盟？",TRUE,TRUE,可說明目前總人數與門市型態,組織規模與盤查邊界,釐清零售業多據點特性下的盤查適用邊界,"員工數, 營業據點, 連鎖類型",,
B002,零售業,預計盤查範圍是公司全部、特定門市？,邊界設定與組織資訊,multiple,beginner,邊界與盤查範圍,能掌握企業在碳盤查時已納入的營運範疇,碳盤查範圍決定了數據收集的深度與精準度。若選擇整體企業，需收集所有營運點的碳排放數據（如店鋪、倉儲、配送中心等）；若僅針對特定門市或產品生命週期，則可聚焦於特定零售活動（如物流配送、包裝、商品回收）。正確界定範圍有助於提高碳盤查的可行性與策略價值。,公司全部,包含所有門市、倉儲與物流，適用於企業級碳管理與合規需求。,主要門市,選擇影響較大的門市進行碳盤查，如旗艦店或高能耗店鋪。,特定產品生命週期,針對特定產品或品類進行碳足跡盤查，例如食品、時尚、電器等。,供應鏈特定環節,聚焦於物流或原材料生產的碳足跡，例如包裝材料與運輸方式。,不知道/不確定,應先確定企業 ESG 目標，選擇適當的盤查範圍。 ,"是否盤查全公司、特定店型或品牌？, 是否含總部與倉儲？",FALSE,TRUE,可說明目前初步規劃方式,盤查邊界與範圍設定,協助企業明確劃定排放盤查的範圍與執行起點,"組織範圍, 特定門市, 總部倉儲",,
B003,零售業,公司有無特殊因素影響邊界設定？（如轉投資、外包業務）,邊界設定與組織資訊,multiple,intermediate,邊界與合作關係界定,能辨識企業合作模式並思考其對碳盤查邊界的影響,零售業的組織結構與業務模式會影響範疇三（供應鏈碳排放）的計算，例如加盟體系、供應鏈合作夥伴、外包物流與倉儲等都可能影響碳盤查邊界。若企業與外包商或供應鏈合作密切，應將其納入盤查範圍，以提升碳報告的完整性與合規能力。,沒有特殊因素,適用於單一零售店或完整內部管理的企業，碳盤查範圍較明確。,有投資關聯企業,若企業持股供應商或關聯企業，應考慮納入其碳排放計算。,大量外包生產或營運,若產品製造與物流交由第三方，則須盤查供應鏈排放（範疇三）。,有跨國營運業務,適用於全球零售企業，碳盤查須符合不同國家的 ESG 法規。,不知道/不確定,應確認企業組織結構與合作模式，以確保碳盤查邊界合理。,是否有外包物流、品牌授權、轉投資或跨業營運？,TRUE,TRUE,可說明是否有複雜治理與營運關係,邊界影響因子與特殊狀況,評估組織結構是否影響 ESG 範疇或排放歸屬方式,"邊界例外, 外部控股, 外包事業",,
B004,零售業,有沒有負責碳盤查的專職人員或團隊？,邊界設定與組織資訊,single,beginner,永續推動角色與資源,確認企業是否具備基本的永續推動人力與責任配置,零售業碳盤查的數據涵蓋範圍廣泛，包括門市、倉儲、物流、供應鏈等，若無專職人員管理，可能導致數據不完整或計算錯誤。建議建立專責 ESG 團隊，負責數據收集、監測與報告，或考慮尋求外部顧問輔導，以確保碳盤查的準確性與長期監測能力。,沒有專職人員,企業內部尚未建立 ESG 管理，碳盤查可能僅由財務或營運部門兼職執行。,由環安部門兼職處理,環安部門負責碳管理，但可能缺乏專門 ESG 策略與報告機制。,有專職碳管理團隊,企業內設有 ESG 或永續發展部門，負責長期碳排放監測。,外部顧問協助,企業聘請顧問機構進行碳盤查，以確保合規與報告品質。,不知道/不確定,應確認企業內部是否已有負責碳管理的專業人員或顧問團隊。,是否為內部指派？是否有跨部門合作或委外顧問？,TRUE,TRUE,可說明是否為專職或兼任角色,ESG 責任歸屬與人力配置,探討企業是否配置資源支持碳管理與後續推動,"ESG負責人, 部門協作, 顧問協力",,
B005,零售業,現有溫室氣體管理政策內容是什麼？,邊界設定與組織資訊,single,intermediate,減碳政策制定現況,檢視企業是否具備明確政策與實質減碳規劃,零售業的溫室氣體管理政策是企業減碳計畫的基礎，涉及能源管理、物流減碳、供應鏈 ESG 要求等。若企業無明確政策，則難以設定有效的減排目標。成熟企業通常參考國際標準（如 ISO 14064、SBTi）來建立減碳政策，以確保合規性並提高市場競爭力。,沒有明確政策,企業尚未制定溫室氣體管理政策，可能影響 ESG 目標的設定與執行。,初步擬定減排政策,企業已開始規劃減排行動，但尚未設定具體的目標與執行細節。,內部已有完整溫室氣體管理政策,企業內部已建立溫室氣體管理架構，但尚未對標國際標準。,符合國際標準（如 ISO 14064）,企業已導入 ISO 14064 或 SBTi，確保減碳行動符合全球標準。,不知道/不確定,應確認企業是否有減碳政策，並評估是否符合市場需求與法規標準。 ,"是否為內部自訂或對應法規／集團規範？, 是否公告於外部？",FALSE,TRUE,可說明是否有正式發布或內部文件,GHG 政策與內部宣示,評估企業是否已建立正式的氣候政策與管理承諾,"GHG政策, 氣候治理, ESG承諾",,
B006,零售業,有沒有減排目標和時間表？,邊界設定與組織資訊,single,intermediate,減排目標與時間進程,能理解企業是否具備可量化與可追蹤的減排目標,設定減排目標有助於零售企業提升 ESG 表現，並符合消費者與投資者對環保的期待。建議設定短中長期目標，如短期目標（更換 LED 照明、提升能源效率）、中期目標（增加綠電使用、優化供應鏈減碳），以及長期目標（達成碳中和目標）。明確的時程規劃可使企業更容易落實減排行動。,沒有設定,企業尚未設定具體減排目標，可能影響 ESG 競爭力。,設定初步方向但未明確,企業已有減排構想，但未設定具體的數據目標與執行時程。,有減排目標但無時間表,企業已制定減碳計畫，但缺乏明確的執行時間點與 KPI。,已設定明確目標與執行時程,企業已制定 2025 或 2030 減碳目標，並設有定期監測機制。,不知道/不確定,應確認企業的減排規劃，確保目標具體且可衡量。 ,"是否設定具體數值？, 是否列入年度目標或 ESG 報告？",FALSE,TRUE,若尚未設定可填「尚在規劃中」,減碳目標與推動期程,確認企業是否設定清晰減碳期程，有助推進與稽核,"減碳目標, 排程規劃, ESG KPI",,
B007,零售業,外部利益相關者報告頻率如何？,邊界設定與組織資訊,single,intermediate,報告義務與合規揭露,判斷企業是否涉及外部揭露義務，並準備報告制度,零售業是否需提交碳排放報告取決於市場與法規要求。例如，上市零售企業可能需要依據 ESG 法規定期披露碳排數據，而部分供應鏈夥伴（如國際品牌）也可能要求零售商提供碳排放報告。建立報告機制有助於提高企業透明度並增強競爭力。,不需要報告,企業內部 ESG 盤查主要用於內部管理，不對外披露。,內部年度報告,企業每年進行 ESG 內部報告，但未對外公開。,依客戶要求提供報告,部分供應鏈夥伴（如品牌商）要求提供 ESG 數據，以確保供應鏈減碳符合標準。,依法需定期報告,企業須依照當地 ESG 法規，每年或每季提交碳排放報告。,不知道/不確定,應確認企業是否受 ESG 法規影響，並確保合規。 ,是否向母公司、品牌商、主管機關或公開揭露？,FALSE,TRUE,可填報告頻率（如每年一次、半年一次）,對外揭露與利益關係溝通,評估企業對外揭露義務與 ESG 溝通頻率,"ESG揭露, 利害關係人, 品牌回報",,
B008,零售業,行業特定的 GHG 挑戰有哪些？,邊界設定與組織資訊,multiple,intermediate,碳盤查挑戰診斷,協助企業盤點內部最難以掌握或處理的盤查障礙,零售業的碳排放挑戰主要來自門市用電、物流運輸、供應鏈碳足跡。例如，大賣場與百貨公司的空調、照明與電器設備消耗大量能源，而電子商務則需管理倉儲、包裝與配送物流產生的排放。了解這些挑戰有助於制定有效的減碳策略，如改用綠電、提升物流效率、減少過度包裝。,主要來自能源使用,門市照明、冷藏、空調等設施的能源使用是零售業的主要排放來源之一。,物流運輸碳排,配送物流與長距離運輸的碳排放佔零售業供應鏈碳排的重要部分。,供應鏈碳足跡,商品生產與運輸過程的碳排放影響零售企業的 ESG 表現。,建築與設備碳排,大型賣場與購物中心的建築設備（如電梯、空調）碳排放量高。,廢棄物與回收處理,產品包裝、食品過期與退貨商品的廢棄物管理是零售業的關鍵挑戰之一。,是否與物流、冷鏈、一次性包裝、退換貨等有關？,TRUE,TRUE,可說明你們遇到最難解的排放問題,零售業 GHG 特性辨識,協助辨識零售業常見但易被忽略的排放挑戰,"冷鏈物流, 包裝浪費, 範疇三難點",,
B009,零售業,公司過去有無碳盤查或相關訓練經驗？,邊界設定與組織資訊,single,beginner,永續經驗與前期基礎,評估企業是否具備碳盤查與永續管理的基礎歷程,若零售企業過去無碳盤查經驗，應先從基礎數據收集（如用電、運輸）開始，再逐步提升至完整的 ESG 碳管理框架。有經驗的企業可利用歷史數據追蹤減排行動成效，並透過第三方驗證提升報告可信度，以符合市場與投資者要求。,沒有經驗,企業從未執行碳盤查，需從基本數據收集開始，如能源使用與物流排放。,曾參加基礎訓練,企業內部有基礎 ESG 訓練，但尚未完整執行碳盤查。,內部曾執行碳盤查,企業內部有完整盤查數據，並定期追蹤減碳行動。,由第三方協助執行,企業已委託 ESG 顧問或專業機構進行碳盤查，提高數據的準確性與可信度。,不知道/不確定,可從過往的能源帳單、供應鏈報告等資料檢視是否曾有盤查紀錄。,"是否由品牌方、母公司或政府單位推動？, 是否內部自發？",TRUE,TRUE,可填歷年執行過的訓練或盤查經驗,ESG 實務基礎與導入歷程,評估企業是否已接觸或參與過 ESG 與碳管理相關計畫,"過往訓練, 碳盤查經驗, ESG導入準備",,
B010,零售業,公司內部是否有明確的部門職責分工與盤查責任指派？,邊界設定與組織資訊,single,beginner,責任分工與管理制度,確認企業是否已建立專責人力與內部組織機制,明確的部門職責有助於確保碳盤查的完整性。零售業的碳管理責任可由環安部門、物流管理、採購部門共同負責，例如門市負責用電與廢棄物數據，物流部門負責運輸排放，採購部門管理供應鏈碳足跡，確保數據透明與管理效率。,沒有明確分工,碳盤查工作未指派特定部門，可能影響數據完整性與準確性。,有初步的分工但無正式文件,部分部門負責 ESG 相關工作，但無明確職責與文件規範。,已建立正式分工與職責說明,企業已制定 ESG 團隊職責，確保碳排數據的完整性與可追蹤性。,不知道/不確定,可從內部組織架構與 ESG 報告確認是否有明確的職責分工。,,,"是否有跨店統一機制？, 是否明確指派職責？",FALSE,TRUE,可說明負責部門與對應作業模式,ESG 職責分工與制度設計,評估企業是否已建立穩定的責任體系，利於長期落實,"職責分工, 責任制度, ESG執行機制",,
S001,零售業,溫室氣體排放的主要來源是什麼？,排放源辨識與確認,multiple,beginner,排放源分類診斷,能辨識公司溫室氣體的各類主要排放來源,零售業碳排放可分為範疇一（直營物流車隊）、範疇二（店鋪與倉儲用電）、範疇三（供應鏈碳足跡）。例如，超市的冷藏設備、高能耗照明，或電子商務的運輸與包裝，都是主要排放來源。釐清主要排放源有助於企業制定減碳策略，如提升能源管理、改用低碳物流、導入環保包裝等。,能源使用,門市空調、照明、冷藏設備的電力與燃氣消耗。,運輸物流,物流配送、門市補貨、快遞運輸的燃油排放。,供應鏈,商品製造、包裝、倉儲與分銷的碳排放。,建築設備,購物中心、倉儲與門市的暖氣、冷氣與照明碳排放。,廢棄物與回收,包裝、塑膠袋、紙類廢棄物的處理與回收排放。,"哪些來自照明、冷氣、冷藏？, 哪些來自供應鏈與包材？",FALSE,TRUE,可說明營運面或商品面相關的來源,排放盤點與熱點辨識,協助使用者辨識營運主要排放點，作為初步盤查切入點,"範疇二, 範疇三, 零售排放熱點",,
S002,零售業,主要能源使用有哪些？,排放源辨識與確認,multiple,beginner,能源使用盤點,理解公司能源使用結構，為盤查提供基礎依據,零售業的主要能源消耗來自門市、倉儲與物流，如百貨公司、購物中心需要大量電力供應空調與照明，而超市的冷凍庫與物流車隊也消耗大量能源。企業可透過購買綠電、提升能源效率（如 LED 照明）或導入智慧能源管理系統，降低能源使用並減少碳排放。,電力,商場、超市、便利商店的主要能源來源，驅動照明、冷氣與電子設備。,天然氣,部分門市或超市使用天然氣供應鍋爐與烹調設備。,柴油,物流運輸、發電機與部分店內設備使用柴油燃料。,汽油,企業車輛、配送車與高載重貨車的燃油排放。,綠電（太陽能、風能）,部分企業透過購買綠電或自建太陽能設備來減少碳排放。,是否有電力、瓦斯、冷氣或冷藏設備？,FALSE,TRUE,可填寫目前主要使用的能源種類,能源盤點與基礎排放量掌握,掌握零售營運中常見能源使用型態，有利後續計算排放量,"電力使用, 冷氣用能, 基礎能源來源",,
S003,零售業,公司營運中是否有直接燃料燃燒？,排放源辨識與確認,single,beginner,直接排放辨識,判斷公司是否有來自燃燒設施的直接排放來源,燃料燃燒屬範疇一排放，零售業主要來自於暖氣系統、備用發電機及店內設備（如烘焙機、烹調設備）。若門市或物流倉儲使用天然氣鍋爐或柴油發電機，需監控燃料消耗，並考慮使用更高效低碳能源（如熱泵技術、電能設備）。,沒有,企業僅使用電力與外購能源，無直接燃料燃燒設備。,只有少量（如備用發電機）,店內僅有少量柴油或天然氣設備，如發電機或應急供電系統。,有固定設備燃燒（如鍋爐、暖氣系統）,企業使用燃氣鍋爐、烘焙設備、中央供暖系統等燃燒設備。,有大型燃燒設施（如中央能源站）,企業擁有能源站或自有燃燒設備，影響範疇一碳排放。,不知道/不確定,應確認企業是否有使用燃料設備，如鍋爐或發電機。,是否有店內使用瓦斯、備用發電機、加熱設備等？,TRUE,TRUE,可說明是否曾有燃燒行為或設施,直接排放來源識別,確認零售營運中是否存在範疇一直接燃料排放,"範疇一, 燃料使用, 直接碳排",,
S004,零售業,是否擁有自有車隊或外包物流服務？,排放源辨識與確認,single,beginner,運輸排放盤點,探討公司運輸與物流行為對碳排放的關聯,物流運輸是零售業的主要碳排放來源，若企業擁有直營車隊（範疇一），需監測車輛燃油使用並考慮電動或混合動力車。若使用外包物流（範疇三），應要求供應商提供碳足跡報告，並考慮合作低碳運輸服務商，如 DHL 綠色物流或 UPS 環保配送計畫。,沒有,企業無自有車隊，所有物流皆由外包供應商處理。,使用外包物流,物流配送由第三方供應商負責，如貨運公司、快遞服務商。,自有車隊,企業擁有自有物流車隊，應監控燃油消耗與減碳策略。,兩者皆有,企業同時使用外包物流與自有配送車輛，需管理雙重碳排放來源。,不知道/不確定,應確認企業是否有自有車隊，並記錄運輸方式與油耗數據,"是否為第三方物流？, 是否含冷鏈或末端配送？",TRUE,TRUE,可列出主要合作廠商與運輸模式,外包運輸與物流排放,確認物流是否屬於企業營運碳排來源，特別是範疇三,"委外物流, 冷鏈配送, 運輸碳排",,
S005,零售業,是否存在原物料採購？,排放源辨識與確認,single,beginner,採購鏈碳排影響,理解企業在供應鏈中採購行為對碳排的影響,供應鏈碳足跡佔零售業碳排放的很大比例（範疇三）。選擇本地供應商、減少高碳排放原料（如進口冷凍食品、長途運輸商品）可降低供應鏈排放。例如，服飾零售可選擇永續紡織品，超市則可優先採購低碳農產品來降低排放。,沒有,零售業主要經銷現成商品，無需原物料採購。,少量採購,部分產品需自行採購原物料，如餐飲零售、食品加工等。,大量採購並影響營運,企業的大部分產品來自原物料加工，如服飾、食品、生鮮零售等，供應鏈碳排影響顯著。,不知道/不確定,可檢視企業供應商清單與採購數據，確認原物料的碳足跡影響。 ,,,"是否包含採購商品的上游原料？, 是否有自有開發商品？",TRUE,TRUE,可說明是否追溯至製造或農業端,採購類型與原料範疇三,確認零售企業是否納入上游原料排放評估,"原物料採購, 自有品牌, 範疇三上游",,
S006,零售業,是否使用大量包裝材料？,排放源辨識與確認,single,beginner,範疇三排放與包裝碳足跡,辨識包裝材料對企業碳排的潛在影響與改善方向,過度包裝會增加範疇三碳排放，尤其在電子商務與百貨零售業。企業可考慮減少一次性塑膠、改用再生紙、可降解塑膠，並推動循環包裝（如 Amazon Frustration-Free Packaging 計畫）。,沒有,零售業不涉及包裝，如部分食品市場與二手商品零售。,少量使用,僅有基本的產品包裝，如紙盒、玻璃瓶或可回收塑膠。,主要產品需大量包裝,如電子商務、超市、化妝品等零售業，使用大量一次性包裝。,影響環保與回收計劃,包裝廢棄物量大，影響企業的 ESG 目標與環保政策。,不知道/不確定,應檢視產品包裝材料與回收數據，以優化包裝策略。 ,是否含食品、服飾、日用品等一次性包裝？,TRUE,TRUE,可列出包材種類與用量估算方式,包裝設計與材料管理,辨識零售業包裝所造成的排放熱點與可改善項目,"包材使用, 過度包裝, 減塑空間",,
S007,零售業,是否有大量廢棄物處理需求？,排放源辨識與確認,single,beginner,廢棄物管理與碳排放,理解廢棄物種類與處理方式對碳排的影響,零售業的廢棄物來自庫存過剩、包裝廢棄物及電子產品回收。企業可透過減少庫存報廢、推動回收計畫，如 H&M 舊衣回收或 IKEA 的二手家具計畫，以減少垃圾掩埋與焚燒碳排放。,沒有,零售業的廢棄物產生量較低，如數位產品銷售與服務業。,只有基本生活廢棄物,如一般紙類、塑膠、廢紙箱，無特殊廢棄物。,主要營運過程產生大量廢棄物,如生鮮超市、電商倉儲，庫存報廢與過期食品浪費嚴重。,需特殊處理（如電子廢棄物）,如電器零售、家居用品，涉及電子廢棄物與特殊回收需求。,不知道/不確定,可檢視企業廢棄物記錄與回收計畫，確認碳排放影響。,是否為商品、外送、倉儲或消費者端產生？,TRUE,TRUE,可列出主要廢棄物分類與清運模式,廢棄物類型與處理需求,探討零售業各階段產生的廢棄物類型與處理機制,"廢棄物分類, 食品退貨, 包裝垃圾",,
S008,零售業,是否有用水量大或特殊污水排放需求？,排放源辨識與確認,single,beginner,水資源使用與處理排放,認識用水與污水處理在碳管理中的角色,零售業雖非高耗水產業，但大型購物中心、超市、洗車業務可能有大量用水需求。例如，超市冷藏設備、購物中心的空調與公廁用水可透過節水設備、回收水系統降低耗水量及間接碳排放。,沒有,零售業的主要業務不涉及大量用水，如服飾店與電子商務。,基本用水需求,如一般商場與超市，主要用於清潔與公共設施用水。,主要作業依賴大量用水,如洗車場、大型購物中心、超市冷藏設備，高耗水產業。,產生污水需特殊處理,如食品加工零售、洗車業務，需處理廢水排放與油脂回收。,不知道/不確定,應檢視水資源使用記錄與環保法規，以確保合規。 ,是否有中央廚房、試吃、清潔作業等？,TRUE,TRUE,若有特殊排放活動請簡要描述,用水與污水產生熱點,探討零售營運中是否有不易察覺的用水與排水排放點,"用水活動, 污水排放, 特殊設施",,
S009,零售業,是否有其他特殊排放源？,排放源辨識與確認,single,beginner,特殊排放源鑑別,能辨識冷媒或化學品等非典型排放源與管理需求,零售業的大型冷藏設備與空調系統會使用冷媒，其中 HFCs 具有高 GWP（全球變暖潛勢），影響溫室氣體排放。企業應定期檢查冷媒洩漏、改用低 GWP 冷媒（如 R-32、CO₂ 冷媒），並符合 F-Gas 規範。,沒有,零售業的營運中無特殊排放源，如一般商品零售店。,冷媒使用量少,如一般超市、便利商店，僅有少量冷藏設備。,冷媒與化學品使用量大,如大型超市、購物中心、冷鏈物流倉儲，需監測冷媒使用。,需特別管理,如特殊藥品儲存、低溫冷鏈倉儲，涉及高 GWP 冷媒的監控需求。,不知道/不確定,應檢視冷媒設備維護記錄，確保符合環保與碳管理要求。,是否有冷媒、瓦斯、發電機、冷凍設備等？,FALSE,TRUE,可列出需定期維護的排放相關設備,特殊設備與潛在排放源,確認企業是否有隱藏性高排放來源影響 ESG 報告精度,"冷媒外洩, 範疇一潛藏排放, 設備管理",,
S010,零售業,使用的排放因子來源是什麼？,排放源辨識與確認,single,intermediate,排放因子資料依據,了解碳排資料計算依據是否具權威性與一致性,排放因子是碳盤查計算的關鍵，零售業的排放來源如電力、物流運輸、冷鏈設備，應使用政府數據庫（如 EPA、DEFRA）、產業報告（如 CDP、GRI）、ISO 14064 計算標準，確保數據準確。,政府官方數據庫,使用國家環保機構發布的排放因子，如美國 EPA、英國 DEFRA，適用於國內合規要求。,產業報告數據,參考 CDP、GRI、SBTi 等報告，確保符合全球永續標準。,內部監測數據,自行測量並記錄企業能源與物流碳排放，適用於大型企業。,參考國際標準,使用 ISO 14064 或 GHG Protocol 來計算排放，確保全球一致性。,不知道/不確定,若不確定，可先參考政府數據庫，再進一步評估企業內部數據來源。,是否採用預設值、政府資料或自行建立？,FALSE,TRUE,可說明參考來源或依據,排放計算與因子參照來源,確認企業是否使用標準排放因子，利於報告比較與一致性,"排放因子, 參考資料, 計算基礎",,
S011,零售業,溫室氣體排放計算方法是什麼？,排放源辨識與確認,single,intermediate,排放計算方法與制度,掌握企業目前使用的碳排計算工具與標準方法,零售業碳排放計算 = 活動數據 × 排放因子。例如：電力使用（kWh） × 電網排放因子（kgCO₂/kWh），物流運輸可計算每公里 CO₂ 排放量。大型零售商可透過 ERP 碳盤查系統或 ISO 14064 方法學確保數據精準性。,使用簡單計算公式,直接乘以預設的排放因子，如電力使用 × 電網排放因子，適用於小型企業。,內部建立完整計算系統,企業內部開發計算工具，整合數據提高計算效率。,參考ISO標準進行計算,使用 ISO 14064 方法學，確保報告符合國際標準。,依外部顧問協助計算,委託 ESG 顧問公司執行碳盤查，確保數據準確性與合規性。,不知道/不確定,若不確定，可先使用簡單計算方法，再考慮建立內部系統或尋求外部協助。,是否使用 Excel、線上工具或碳盤查平台？,TRUE,TRUE,可描述目前常用的估算工具與欄位,排放計算方法與數據結構,確認企業是否已具備基礎計算邏輯與數據流程,"計算工具, 溫室氣體方法, GHG計算",,
S012,零售業,減排措施的實施計劃如何？,排放源辨識與確認,single,intermediate,減排行動與實施現況,確認企業目前是否已有明確減碳計畫與實行基礎,零售業減排行動可包含綠電採購、智慧照明（LED）、冷鏈設備節能、物流優化（減少貨車空載）。例如沃爾瑪（Walmart）推行零碳運輸計畫，IKEA 減少高碳包裝，這些策略均有助於降低企業碳足跡。,沒有,企業尚未規劃減排行動，可能影響 ESG 目標與法規合規性。,初步討論減排方向,已開始評估減排方案，如節能設備或低碳運輸，但未有具體執行計畫。,已制定具體措施,企業已決定執行減排行動，如提高能源效率、改用再生能源。,具體執行並監測成效,已有明確減排策略，並透過 IoT 或數據平台追蹤減排行動的成效。,不知道/不確定,若不確定，可先從小規模減排行動開始，例如改用 LED 照明或提升能源效率。,是否分階段執行？是否已有設備汰換、節能、包裝改善等行動？,TRUE,TRUE,可列出已實施或規劃中措施,減排行動規劃與推進方式,評估企業是否具備具體、可追蹤的減排行動計畫,"節能措施, 包材優化, 物流改善",,
S013,零售業,減排效果的監控方法是什麼？,排放源辨識與確認,single,intermediate,減排績效與成效追蹤,探討企業是否具備追蹤減碳成效的監測機制,減排監控可分為能源使用監測（IoT）、供應鏈碳排追蹤（CDP 平台）、ESG KPI 設定。如每月檢查電費、物流碳排變化，或使用智能能源管理系統（如 Schneider Electric、Siemens）確保即時數據監控。,沒有,企業未設立減排監測機制，可能無法確保碳減排行動的實際成效。,內部簡單追蹤,企業透過 Excel 或基本數據分析追蹤能源使用，但精確度有限。,依部門設定減排KPI,每個部門設立減碳目標，並定期監測其達成情況。,使用專業監測設備與外部審核,透過 IoT 監測能源使用，並由第三方機構審核碳排放數據。,不知道/不確定,若不確定，可先從內部簡單監測開始，再考慮導入專業數據管理系統。,是否有月/季/年排放趨勢？是否設定成效指標？,TRUE,TRUE,可說明如何確認減碳措施是否有效,成效監控與碳管理績效追蹤,確認企業是否能定期追蹤減碳行動成果與持續優化,"KPI追蹤, 排放趨勢, 效益評估",,
S014,零售業,持續改進的檢討機制如何？,排放源辨識與確認,single,intermediate,減碳管理與持續改善,評估企業是否具備減碳策略的持續優化能力,零售業可建立 ESG 年度審查與數據分析機制，如設定 2030 年減排 30%，每季追蹤門市能效、物流減碳進度，並參考 Science-Based Targets (SBTi) 科學減碳目標，確保與國際趨勢同步。,沒有,企業未設立檢討機制，可能無法確保減排行動的持續性與有效性。,每年盤查一次,每年定期檢視碳排放數據，確保企業減排行動與法規合規性。,定期檢討並調整策略,每季或半年審查減排行動，並根據結果調整策略。,建立內部改善機制與數據分析,企業建立 ESG 數據分析機制，確保長期減排行動具備成效。,不知道/不確定,若不確定，可先建立年度盤查機制，再逐步發展更進階的 ESG 改善計畫。,是否每半年或年度檢討一次？是否含多部門參與與回饋？,FALSE,TRUE,若尚未啟動可填「尚未建立」,持續改善與制度化檢討機制,確認 ESG 管理是否有形成定期檢討與跨部門優化制度,"改善機制, ESG滾動檢討, 行動優化",,
D001,零售業,數據收集的頻率和來源是什麼？,數據收集方式與能力,single,beginner,數據收集策略與頻率盤點,建立企業數據收集週期與初步流程之認知,數據收集頻率影響碳管理精準度，如：門市能耗建議每月監測、物流碳排放每季盤查、供應鏈碳足跡則可每年彙整。企業可導入智能電表、ERP 系統，自動化收集數據，提高 ESG 報告的可追溯性。,沒有固定頻率,未建立固定記錄機制，數據可能缺失，影響碳排放盤查的完整性。,每月記錄一次,適用於門市能耗監測，如電力、冷氣使用，確保數據精確性。,每季記錄一次,適用於物流與倉儲能源使用，可觀察長期趨勢變化。,每年記錄一次,適用於供應鏈碳足跡盤查，如商品碳排報告、供應鏈排放監測。,不知道/不確定,若不確定，建議先從門市與物流記錄開始，逐步擴展至供應鏈數據。,是否由門市、倉儲、供應商各自提供？頻率為日、週、月或季？,TRUE,TRUE,可列舉主要來源與記錄方式,數據來源與記錄頻率管理,評估目前 ESG 數據掌握的深度與彈性,"數據來源, 記錄頻率, 門市與供應商資料",,
D002,零售業,公司有無定期保存電力使用紀錄？,數據收集方式與能力,single,beginner,範疇二能源數據紀錄,檢視企業電力使用是否有形成穩定記錄習慣,電力使用紀錄是範疇二碳盤查的基礎，零售業的門市、倉儲、物流中心皆需納入監測。若企業未記錄每月電費、用電量（kWh），將難以計算碳排放。透過能源管理系統（EMS）、智慧電表可確保數據透明度，提高節能管理效率。,沒有,企業未記錄門市、倉儲的用電數據，影響碳排計算準確性。,只有部分部門有記錄,只有部分門市或部門有紀錄，數據可能不完整。,全公司皆有記錄,所有門市、倉儲的用電數據都有記錄，可確保碳排放盤查的完整性。,電力數據已電子化管理,透過 EMS 或智能電表自動收集用電數據，提高管理效率。,不知道/不確定,若不確定，建議從電費帳單開始整理數據，再導入電子化管理。,"是否為每日、每週或每月？, 是否與帳單或系統對接？",FALSE,TRUE,可說明目前保存方式與頻率,用電紀錄與能源數據保存,確認是否具備長期追蹤電力使用數據的能力與紀錄機制,"電力紀錄, 能源管理, 範疇二資料",,
D003,零售業,是否保存燃料使用紀錄？,數據收集方式與能力,single,beginner,範疇一燃料數據紀錄,掌握企業是否保存與使用直接燃料之記錄資料,零售物流（卡車、冷鏈配送）與倉儲的燃料使用屬於範疇一排放，如卡車柴油、發電機燃油。若企業未建立標準記錄方式（如油耗追蹤、物流碳排報告），將影響盤查準確性。應確保燃料發票、加油紀錄之完整性，以提升營運碳管理能力。,沒有,企業未保存燃料使用數據，影響範疇一排放計算準確性。,只保存部分數據,只有部分車輛或倉儲記錄燃料使用數據，無法全面計算碳排。,由財務部保存,企業透過財務部門紀錄油費發票，但未整合成碳排報告。,由環保或能源管理單位保存,企業已建立內部管理機制，統一紀錄所有燃料使用數據。,不知道/不確定,若不確定，可先從加油發票與物流記錄開始收集燃料數據。,是否記錄店內鍋爐、熱水器、備用電源等？,TRUE,TRUE,可列舉有使用燃料的設備類型,燃料數據紀錄與排放依據,探討是否掌握範疇一設備排放來源及其使用紀錄,"燃料使用, 範疇一, 熱源設施",,
D004,零售業,是否保存物流運輸紀錄？,數據收集方式與能力,single,beginner,範疇三物流數據記錄,理解企業是否具備追蹤物流碳排的基礎能力,零售業的物流碳足跡來自於供應鏈配送（範疇三）與自有運輸車輛（範疇一）。盤查時需記錄貨運距離、油耗、電動車使用比例。若供應商未提供碳排數據，應主動要求物流夥伴提供標準報告（如 SBTi 物流報告），確保盤查準確性。,沒有,企業未保存物流碳排數據，影響供應鏈碳盤查完整性。,物流供應商保留部分數據,供應商有提供物流數據，但未涵蓋所有運輸路線與排放。,內部有簡單記錄,企業自行紀錄部分運輸數據，如燃料使用與貨運公里數。,建立完整數據追蹤系統,透過物流管理系統（TMS）或 IoT 記錄所有運輸數據，提高準確性。,不知道/不確定,若不確定，應先確認供應商是否能提供標準碳排報告。,"是否記錄供應商配送或外部物流？, 是否包含里程、車型等資訊？",TRUE,TRUE,可說明是否為內部或外部提供,物流活動數據與合作模式,確認是否能掌握物流產生的碳排資料作為盤查依據,"外部運輸, 範疇三, 物流里程",,
D005,零售業,是否有原料採購的完整記錄？,數據收集方式與能力,single,beginner,採購紀錄與供應鏈追蹤,了解企業是否已建立原料來源與供應鏈碳資料管理,零售業的供應鏈碳排放（範疇三）來自於商品生產、加工與運輸。應建立採購紀錄、供應商碳足跡報告（如 CDP 供應鏈報告），選擇低碳商品、本地採購，降低運輸與生產過程的碳排放。,沒有,企業未保存商品採購數據，難以追蹤供應鏈碳排放。,只記錄主要供應商,企業僅記錄大宗供應商的數據，其他小供應商數據缺失。,由採購部門管理,採購部門負責記錄商品碳排數據，但未進行標準化分析。,已建立數據系統,企業已導入供應鏈管理系統，可自動追蹤採購碳足跡並生成報告。,不知道/不確定,若不確定，可從主要供應商的碳排放數據開始建立記錄機制。,"是否追蹤供應商出貨內容？, 是否有品牌或分類記錄？",TRUE,TRUE,可說明目前是否有明細與分類資料,採購資料與原料來源記錄,評估原料採購是否有足夠完整度可支撐碳足跡或盤查估算,"採購記錄, 原料來源, 範疇三資料",,
D006,零售業,公司是否有廢棄物處理的相關數據？,數據收集方式與能力,single,intermediate,廢棄物數據管理與分類紀錄,評估企業是否有對廢棄物進行分類與數據追蹤,零售業的廢棄物（食品浪費、包裝材料、報廢商品） 會影響碳排放。企業應追蹤回收、堆肥、焚化與掩埋的比例，並考慮減少一次性塑膠、優化產品包裝。例如，UNIQLO、IKEA 已導入循環經濟模式，減少包裝碳排放。,沒有,企業未建立廢棄物處理機制，可能影響 ESG 目標與合規性。,只記錄總量,企業僅統計總廢棄物量，未區分不同類型，可能影響減排策略。,依廢棄物類型記錄,已細分食品、塑膠、包裝等類別，確保減碳計畫的可行性。,已建立完整追蹤系統,透過數據管理系統自動追蹤廢棄物處理，提高可追溯性與透明度。,不知道/不確定,若不確定，應先建立基本記錄，再逐步優化數據管理機制。,是否分類記錄不同來源（門市、倉儲、顧客端）？,TRUE,TRUE,可描述清運方式與定期報表狀況,廢棄物分類與數據管理,辨識是否建立明確廢棄物管理流程與資料化記錄,"廢棄物來源, 清運紀錄, ESG分類數據",,
D007,零售業,數據記錄的標準模板是什麼？,數據收集方式與能力,single,intermediate,碳排資料格式一致性,檢視企業是否已導入統一的數據記錄格式或表單,建立標準化碳盤查模板有助於確保數據可比較性與管理效率。例如 ISO 14064 / GHG Protocol 要求詳細記錄數據來源、計算方式、排放因子，可透過 ERP 系統整合採購、物流、能源使用，以確保報告透明度。,沒有固定格式,企業未統一記錄方式，可能影響數據一致性與準確度。,簡單Excel紀錄,透過手動記錄數據，但易出錯，缺乏自動化與標準化。,ERP系統管理,企業資源規劃系統可整合數據，提高數據管理與計算效率。,參考ISO標準,依據 ISO 14064 記錄數據，確保符合國際碳盤查標準。,不知道/不確定,若不確定，可從 Excel 開始，再考慮導入更標準化的系統。,"是否使用 Excel、ERP 或專屬管理系統？, 是否具標準欄位？",TRUE,TRUE,可說明目前資料收集與輸入格式,數據記錄格式與流程標準,確認是否有可共用的資料結構便於後續分析與報告,"紀錄格式, 表單結構, 資料模板",,
D008,零售業,數據質量控制措施有哪些？,數據收集方式與能力,single,intermediate,數據品質管理與驗證,理解企業如何建立內部控管或外部稽核機制,零售業的碳盤查數據來源廣泛（門市、物流、倉儲），應確保數據品質管理，透過定期數據校驗、歷史趨勢比對，並可透過第三方驗證（如 CDP、SBTi）提高可信度，確保報告準確性。,無特定控制措施,缺乏數據品質管理，可能影響 ESG 報告的可信度。,定期內部審核,企業內部每季度或半年對碳排數據進行審查，以確保準確性。,由第三方驗證,ESG 顧問或認證機構審核數據，提高可信度與合規性。,使用自動監測系統,IoT 或 AI 分析工具自動追蹤碳排數據，確保數據品質與實時監控。,不知道/不確定,若不確定，應先從內部審核開始，逐步建立自動化監測系統。,"是否有比對、複查、錯誤警示機制？, 是否由專人檢查？",TRUE,TRUE,可列出你們常用的控管方法與規範,數據品質控管與誤差處理,評估企業是否對 ESG 資料有可靠性驗證與管理措施,"品質檢查, 錯誤排除, 內部控管",,
D009,零售業,內部審計的頻率與流程如何？,數據收集方式與能力,single,intermediate,數據審查與改進制度,判斷企業是否具備定期稽核碳排資料的制度化流程,"企業應定期檢討碳盤查數據，如每季審查用電、物流、供應鏈排放數據，確保數據符合國際標準（ISO 14064, GHG Protocol），避免因人員流動導致數據失準。",沒有,企業未建立內部審計機制，可能影響數據準確性與追蹤能力。,每年一次,每年盤查碳排放數據，確保年度 ESG 報告完整性。,每半年一次,企業每半年檢討碳數據，調整減排行動，提高管理精準度。,持續監控,透過 IoT 或能源管理系統，實時監測數據，並自動更新盤查結果。,不知道/不確定,若不確定，建議從年度盤查開始，再逐步提高監測頻率。,"是否每季、每半年或年度？, 是否含報表與追蹤修正流程？",FALSE,TRUE,可描述目前審查流程與人員分工,ESG 內部查核與資料審計,確認企業是否定期檢查 ESG 數據並回饋至制度優化,"審計制度, 稽核週期, ESG稽核",,
D010,零售業,使用的技術工具或軟體是什麼？,數據收集方式與能力,single,beginner,碳數據技術工具應用,探討企業是否採用適當工具進行數據整合與管理,零售業需管理多種數據來源，如銷售、物流、能源消耗等。選擇合適的工具可提高數據準確性，提升管理效率。,Excel,以試算表手動記錄數據，適用小型企業，但容易出錯，且難以確保數據一致性。,ERP系統,企業資源規劃系統可自動整合物流、能源等數據，提高數據管理效率。,自動數據管理平台,可自動記錄並分析碳數據，適用中大型企業，有助於報告標準化。,AI智能分析工具,可預測碳排趨勢，並提供最佳減排行動方案，提高管理精準度。,不知道/不確定,若不確定，可從 Excel 開始，視業務需求再導入自動化系統。,是否為 Excel、雲端表單、ERP、IoT 或其他系統？,TRUE,TRUE,可列舉目前在用的主要工具或平台,ESG 數據技術應用與工具,探討企業是否已導入數位工具支援 ESG 資料收集與管理,"ESG工具, 數據系統, 管理平台",,
D011,零售業,公司是否使用電子化方式記錄碳排數據？,數據收集方式與能力,single,beginner,電子化數據管理現況,評估企業是否已導入碳排數據的電子化流程與工具,電子化記錄可提升數據的可追蹤性與透明度，減少人為錯誤，並確保碳數據符合 ESG 報告要求。,沒有,仍使用紙本記錄，管理不易，數據遺失風險較高，影響碳盤查準確性。,部分電子化,透過簡單的電子表格記錄，但仍需手動輸入，數據可能不夠標準化。,完全電子化,使用 ERP 或雲端系統管理數據，提高記錄效率與透明度。,-,-,不知道/不確定,可先從 Excel 記錄開始，再評估導入更進階的數據管理系統。,"是否為自建系統、自動記錄或手動輸入？, 是否與業務報表整合？",FALSE,TRUE,若未使用電子化系統可填「否」,數據電子化與平台紀錄方式,確認碳資料是否已電子化，有利減少錯誤與強化可追蹤性,"電子記錄, 數位管理, ESG數據",,
D012,零售業,是否有固定的紀錄頻率與負責人員？,數據收集方式與能力,single,intermediate,責任制度與紀錄頻率,確認企業是否有制度化指定人員並執行定期紀錄,定期記錄碳排放數據能確保長期趨勢分析的準確性，並利於後續報告與改善計畫的執行。,沒有,無固定紀錄頻率，數據可能不完整，影響盤查準確性與合規性。,由部門自行決定,各部門根據需求決定紀錄頻率，但缺乏統一標準，可能影響一致性。,已指定專責團隊,企業內有固定負責人員，每月或每季統整數據，提高碳盤查效率。,-,-,不知道/不確定,若不確定，建議指派部門負責人先行建立數據管理機制。,"是否每日、每週或每月？, 是否指定專責記錄與複查人員？",TRUE,TRUE,可說明目前記錄排程與責任機制,ESG 紀錄頻率與責任制度,評估是否建立穩定記錄制度與對應負責人員,"紀錄週期, 確責制度, ESG制度管理",,
D013,零售業,數據管理的最佳實踐是什麼？,數據收集方式與能力,single,intermediate,碳數據管理與風險控管,探討企業是否具備碳數據備份、錯誤追蹤等管理機制,良好的數據管理確保碳盤查準確性與透明度，並能減少未來 ESG 審核的合規風險。,無特定措施,缺乏標準管理，數據易遺失或錯誤，影響 ESG 報告完整度。,定期備份,每月或每季進行數據備份，確保歷史數據可追溯，避免遺失。,內部數據稽核,定期審查碳數據，以確保記錄準確性，並符合報告標準。,參考國際標準,遵循 ISO 14064 / GHG Protocol，確保數據合規性。,不知道/不確定,若不確定，可先建立定期備份機制，再逐步導入標準化管理。,是否有 SOP、工具套件、流程圖、教學制度等？,TRUE,TRUE,可列出內部認為有效的制度化作法,數據管理制度與成熟實踐,協助企業歸納現行成熟制度，利於複製、訓練與優化,"管理經驗, 範本流程, ESG內部最佳實踐",,
D014,零售業,系統備份與安全性措施如何？,數據收集方式與能力,single,beginner,碳資料備份與安全性管理,了解企業是否已建立碳排資料的備份與安全制度,碳排放數據是企業 ESG 報告的重要依據，應確保數據安全性，以免影響後續審核或外部報告。,無備份措施,可能導致數據遺失或無法復原，影響未來 ESG 合規性。,定期備份,每月備份數據，以確保數據完整性，避免系統故障造成遺失。,設有災難復原計劃,企業建立數據備援機制，確保意外狀況下仍能恢復數據。,-,-,不知道/不確定,可先建立簡單備份機制，再評估是否需要更完整的數據復原計畫。,是否有定期備份機制？是否有權限管理與存取管制？,FALSE,TRUE,可說明是否已納入資訊安全流程,資料備援與系統安全措施,確認 ESG 相關資料是否具備資安與災備機制,"備份政策, 權限管理, ESG資安",,
D015,零售業,公司內是否已有書面的碳排資料收集 SOP？,數據收集方式與能力,single,intermediate,碳數據收集制度化,檢視企業是否已具備標準化的資料收集流程,標準作業程序（SOP）確保碳數據收集一致性，完整 SOP 應包含數據來源、記錄方式、責任人員與審核機制，確保碳盤查可長期追蹤，並符合 ISO 14064、SBTi 等國際規範。,沒有,企業未建立標準碳排 SOP，數據記錄方式可能不一致。,只有部分流程記錄,部分部門有記錄碳排放數據，但未涵蓋所有營運環節。,已建立完整 SOP,企業已制定標準化作業程序，確保數據一致性與可追溯性。,-,-,不知道/不確定,若不確定，建議先建立基本 SOP，再逐步優化管理機制。,是否有書面流程圖、內部標準表單或文件說明？,TRUE,TRUE,若有請列舉 SOP 名稱或應用情境,ESG 資料收集作業流程化,評估是否已制度化碳資料收集過程，利於培訓與一致性執行,"資料SOP, 表單制度, ESG標準流程",,
D016,零售業,是否已有內部定期進行碳排資料審核的程序？,數據收集方式與能力,single,intermediate,數據審查與內部稽核,評估企業是否建立碳排放數據的定期審查與比對機制,"內部碳盤查審核可確保零售業的碳排放數據準確，防止計算錯誤。建議每半年或每年稽核一次，對門市、倉儲、物流數據進行檢查，確保符合 ISO 14064, CDP, GHG Protocol 等國際標準。",沒有,企業未進行內部審核，可能影響 ESG 報告的準確性。,每年審核一次,每年定期檢查數據完整性與碳排放趨勢變化。,每半年審核一次,半年一次審核，有助於及時發現數據異常，確保減排行動落實。,持續監控與內部稽核,透過 IoT 或能源管理系統，實時監測碳排放數據，提高管理效率。,不知道/不確定,若不確定，建議從年度審核開始，再逐步增加審查頻率。,是否每月或每季審核？是否含部門回報與資料修正？,FALSE,TRUE,若尚未開始可填「尚未建立」,ESG 資料審核與查核制度,確認是否具備內部審核資料品質的基本制度,"資料審核, 資料回報機制, ESG數據檢查",,
M001,零售業,盤查報告的格式和內容是什麼？,內部管理與SOP現況,single,beginner,報告格式與參考標準,確認企業是否依據標準規範設計碳盤查報告格式,零售業的碳盤查報告應明確說明排放範圍、計算方法及數據來源，可參考 ISO 14064、GRI、SBTi 框架。建議報告涵蓋門市能源使用、物流運輸碳排、供應鏈影響，確保報告的可信度與可比較性。,沒有特定格式,企業未確定報告格式，可能影響 ESG 透明度與合規性。,參考政府或產業標準,依據政府法規或產業報告，如 CDP 或國際 ESG 標準。,依據ISO 14064準則,使用 ISO 14064 碳盤查標準，確保國際可比性。,依據外部顧問建議,透過專業顧問輔導撰寫 ESG 報告，確保完整性與準確度。,不知道/不確定,若不確定，建議參考政府指引或 ESG 產業標準進行報告撰寫。,是否包含基本資訊、排放範疇、計算方法與趨勢圖表？,TRUE,TRUE,可描述目前格式是否統一或由集團提供,ESG 報告格式與內容標準,建立報告可用性與結構一致性意識，利於外部比較與揭露,"報告格式, 資料項目, ESG報告內容",,
M002,零售業,第三方驗證的計劃如何？,內部管理與SOP現況,single,intermediate,碳盤查報告驗證與信度,了解企業對報告真實性與可信度的審查計畫,第三方驗證可提升零售業碳盤查的可信度，例如 ISO 14064 要求外部機構驗證碳排放數據，確保其真實性與透明度。零售品牌若計劃參與 ESG 評級、供應鏈碳管理（如 Walmart、Amazon 要求供應鏈減碳），應考慮導入第三方驗證。,沒有驗證計畫,企業未考慮外部驗證，可能影響 ESG 可信度與國際認證。,計劃未來導入,企業已有初步計畫，將在未來導入第三方驗證機制。,已安排內部審核,企業內部定期檢討碳排放數據，但未經外部審核。,由外部驗證機構執行,透過專業機構（如 SGS、DNV）驗證數據，提高 ESG 評級可信度。,不知道/不確定,若不確定，可先從內部審查開始，再評估是否導入外部驗證。,是否已有對接單位或簽約顧問？是否規劃驗證時程與對象？,FALSE,TRUE,可填目前規劃時程或需求說明,第三方驗證計畫與合作方式,評估是否已啟動或評估驗證制度，以強化 ESG 報告可信度,"驗證計畫, 外部審查, ESG信賴度",,
M003,零售業,文件編號系統是什麼？,內部管理與SOP現況,single,beginner,文件編碼管理,評估企業是否已建立碳相關文件的系統編號與歸檔邏輯,標準化文件編號可確保零售業碳盤查數據管理的一致性，建議使用如 GHG-2024-Store-001（代表 2024 年門市碳排放數據）的格式，以利內部查詢與歷史數據追蹤。,沒有固定編號方式,企業未制定標準文件編號，可能影響數據檔案的管理與追蹤。,依照年度與類別編號（如GHG-YYYY-XXX）,以年度與類別為基礎編號，如 GHG-2024-Warehouse-002，便於查詢與對比。,由IT或管理部門設定編碼,企業由 IT 部門統一管理文件編號，提高數據的可追溯性與一致性。,依據國際標準制定,企業遵循 ISO 14064 或 CDP 指引，確保數據標準化與合規性。,不知道/不確定,若不確定，建議先採用簡單的年度與類別編號方式，再逐步標準化。,是否有版本控制、編號規則或存檔規格？,TRUE,TRUE,可舉例文件代碼範例或管理邏輯,文件編號與存檔管理制度,建立 ESG 文件管理的標準化與可追溯性,"文件控制, 編碼規則, ESG紀錄體系",,
M004,零售業,文件版本控制規範如何？,內部管理與SOP現況,single,beginner,文件版本控管機制,確認企業是否實施文件版控 SOP，避免誤用舊資料,零售業碳數據需長期追蹤，應建立版本控制機制，如 V1.0（初版）、V2.0（修訂版），或使用 ESG SaaS 平台、自動雲端儲存確保文件更新不混淆。,沒有固定規範,企業未制定文件版本管理規範，可能導致數據更新混亂。,由單一部門負責管理,由 ESG 或財務部門負責版本控制，但可能影響其他部門存取與更新效率。,內部有文件版控機制,企業已建立版本控制，如 V1.0、V2.0，確保文件變更有紀錄。,使用數位文件管理系統,透過 ERP 或 ESG SaaS 平台自動管理文件版本，提高透明度與安全性。,不知道/不確定,若不確定，建議先建立基本的文件版本標示，如 V1.0、V2.0，再逐步提升管理機制。,"是否含版本編號、修訂記錄？, 是否有文件更新通知機制？",TRUE,TRUE,可說明目前版本控管與更新頻率,文件版本控制與紀錄機制,確認 ESG 文件是否具備一致的版本管理與修訂流程,"文件版本, 修訂紀錄, ESG控管制度",,
M005,零售業,文件存儲位置是什麼？,內部管理與SOP現況,single,beginner,資料儲存與存取管理,探討企業是否採用安全、有效率的資料存放機制,"零售業碳數據管理應電子化，建議使用雲端存儲（Google Drive, AWS, Azure）或內部伺服器，確保數據安全與 ESG 報告數據可追溯性。",沒有固定存儲位置,文件存儲分散，可能導致數據遺失或無法追溯歷史變更。,以紙本存放於辦公室,文件以紙本管理，存取不易，且有遺失風險，影響 ESG 盤查效率。,以雲端存儲,企業採用 Google Drive、AWS、Azure 等雲端存儲，提高數據可追溯性。,內部伺服器存儲,企業使用內部伺服器存儲碳盤查文件，確保資料安全與長期保存。,不知道/不確定,若不確定，建議先從雲端存儲開始，確保 ESG 文件的可存取性與安全性。,是否儲存在雲端、伺服器、內部資料夾或紙本？,FALSE,TRUE,可列出主要保存路徑與備份方式,文件儲存方式與資料可得性,評估企業 ESG 文件是否集中管理並具可追溯性,"儲存位置, 雲端備援, ESG文檔管理",,
M006,零售業,文件審批流程如何？,內部管理與SOP現況,single,intermediate,數據審批流程管理,確認碳排數據是否具備多層級與制度化的審核機制,零售業碳盤查數據應建立審批流程，例如 門市/倉儲能耗數據 → ESG 團隊審核 → 內部稽核/財務部審查 → 最終提交。若企業有供應鏈減排計畫，應納入供應鏈監管機制，確保減碳數據符合 ESG 承諾與法規。,沒有明確流程,企業未建立數據審批機制，可能影響 ESG 報告的準確性與可信度。,由部門主管批准,部門主管審批，但可能缺乏跨部門協作與審查機制。,需多部門共同審核,ESG、財務、供應鏈團隊協作審核，提高數據完整性與合規性。,依ISO標準設定審批流程,企業依據 ISO 14064 或 ESG 法規制定審批機制，確保數據透明度與標準化。,不知道/不確定,若不確定，可先由 ESG 團隊制定基本的內部審批流程，再逐步優化。,"是否有部門簽核、主管審批流程？, 是否留有審批紀錄？",FALSE,TRUE,可說明是否需經過多級審批與流程圖,文件審批流程與文件合法性,建立 ESG 文件流轉的程序性與法規遵循意識,"文件審核, 簽核流程, ESG制度運行",,
M007,零售業,文件存取權限管理如何？,內部管理與SOP現況,single,intermediate,文件安全性與權限控管,確認資料是否具備分層級授權與存取紀錄制度,存取權限管理可確保碳數據安全，避免未授權變更。例如，零售業可設定 ESG/碳盤查數據僅 ESG 團隊、財務部、內部審計人員可編輯，門市主管可檢視，確保數據完整性與安全性。,無特定權限控管,任何人皆可存取 ESG 數據，可能導致未授權變更或數據遺失風險。,由特定部門管理存取,ESG 或財務部門負責數據存取權限，可能影響其他部門的查閱需求。,設有多層級權限,設定不同權限級別，確保 ESG、財務、內審等部門可管理數據，但其他部門僅能檢視。,依ISO標準管理,企業遵循 ISO 27001 資安標準，確保 ESG 數據安全存取與授權管理。,不知道/不確定,若不確定，應先建立基本存取權限，如 ESG 團隊負責編輯，其他部門僅能檢視。,"是否僅特定人員可存取與修改？, 是否有權限分層與紀錄？",FALSE,TRUE,可說明目前權限分配與控管方式,存取權限控管與資安機制,確認 ESG 文件是否防止未授權變更，強化資訊保護性,"存取權限, 使用紀錄, ESG資安制度",,
M008,零售業,數據和報告的存檔期限是什麼？,內部管理與SOP現況,single,intermediate,數據保存政策與法遵依據,了解企業是否依據法規與內規設定保存年限,根據法規與 ESG 需求，企業應至少保存碳排放數據 5 年以上。例如，《氣候變遷因應法》或 SBTi、CDP 規範要求企業保存歷史數據，以進行長期碳減排目標追蹤與合規報告。,無特定存檔期限,企業未設立存檔期限，數據可能無法長期保存或追蹤。,依企業內部規範,根據內部政策設置存檔期限，可能不符合法規要求。,依政府法規（如5年）,根據《氣候變遷因應法》等法規要求保存數據 5 年，確保合規性。,長期保存,企業可長期保存碳排放數據，便於追蹤減碳目標達成情況。,不知道/不確定,若不確定，建議先根據法規設置最少 5 年的存檔期限。,"是否與財務、稅務或公司政策一致？, 是否設定年限與類型分類？",TRUE,TRUE,可列出常見的保留期間（如5年、7年）,檔案保留政策與報告週期設定,評估 ESG 報告與數據存續期間與報告週期的一致性與制度成熟度,"保留年限, 法規要求, ESG文件政策",,
M009,零售業,文件管理案例分享有哪些？,內部管理與SOP現況,single,beginner,文件管理制度參考來源,探討企業在建立制度時是否借鏡國際或業界實務,"零售業 ESG 企業（如 Walmart, IKEA）已導入碳盤查管理系統，整合 ERP/ESG SaaS 確保數據準確性。例如，某零售商使用 ERP + IoT 監控門市/倉儲用電，提高碳排放監測效率。",沒有相關案例,企業未有相關案例，可能缺乏數據管理最佳實踐。,已參考同業最佳做法,企業參考其他零售業者（如 Walmart）的最佳實踐，提升碳盤查效率。,建立內部標準並分享,企業自行制定標準，並與內部分享，確保一致性與透明度。,使用國際標準作為參考,企業根據 ISO 14064、GRI 等國際標準進行碳盤查管理。,不知道/不確定,若不確定，建議參考已實踐的零售業最佳案例或國際標準。,是否參考業界、集團或第三方顧問的做法？是否含文件分類與權限？,TRUE,TRUE,可說明學習對象與借鏡方式,文件制度對標與經驗分享,確認企業是否有制度參照基礎，可作為改善依據,"文件案例, 管理經驗, ESG對標",,
M010,零售業,是否需要協助建立或改進內部管理制度？,內部管理與SOP現況,single,intermediate,碳管理制度建構建議,評估企業對制度化碳管理的認知與需求程度,企業若無完整 ESG/碳管理制度，可參考 ISO 14064、GRI、SBTi 建立標準 SOP，或尋求外部顧問協助，確保盤查符合法規與市場標準，提高數據透明度。,不需要,企業已擁有內部管理制度，無需額外協助。,需要內部改善指導,企業需要內部指導來改善數據收集和管理流程。,需要外部顧問協助,企業尚未建立完善管理制度，應考慮尋求外部顧問協助。,已建立完善制度但需持續優化,企業已建立有效管理制度，但仍需定期優化以保持合規性與效率。,不知道/不確定,若不確定，建議從基本管理制度開始，逐步改善並引入專業顧問。,是否需協助建構 SOP、權責流程、表單模板等？,FALSE,TRUE,可說明目前主要困難或預期目標,ESG 管理制度輔導需求,評估企業是否有制度導入需求，利於後續顧問或平台輔助,"制度建構, 權責設計, ESG導入建議",,
M011,零售業,是否希望提供內部管理建議？,內部管理與SOP現況,single,intermediate,ESG 管理制度建議需求,了解企業是否需要從外部取得制度架構與落地指引,企業若希望提升碳管理效率，可參考 ISO 14064 碳盤查指引、GRI 永續報告標準，或諮詢專業顧問，建立 SOP、文件版控與數據管理機制，確保符合國際減碳標準。,不需要,企業認為現有管理流程已足夠，無需進一步改進。,需要範本與指導,企業需要 SOP 範本和實施指導來優化碳管理。,需要專業顧問診斷,企業希望專業顧問針對碳管理流程提供診斷並建議改進方案。,內部已有制度但需優化,企業已有基本制度，但需要外部專家協助進一步優化流程。,不知道/不確定,若不確定，建議諮詢專業顧問，幫助設計更高效的碳管理流程。,是否希望有跨部門治理建議？是否包括數據、採購或溝通制度？,TRUE,TRUE,可說明目前最需要改善的內部治理面向,ESG 組織優化與管理建議,建立 ESG 導入與日常治理的最佳化建議整合邏輯,"治理優化, 組織建議, ESG制度輔導",,
R001,零售業,員工溫室氣體管理培訓內容是什麼？,報告需求與後續行動,single,beginner,員工教育與意識提升,探討企業是否已有基礎碳管理訓練與推廣教育制度,碳管理培訓可強化員工 ESG 知識與減排行動。例如，門市/倉儲可培訓節能操作，物流團隊學習低碳運輸策略，採購部學習供應鏈碳足跡評估，確保企業全方位減碳。,沒有培訓,企業未進行碳管理培訓，可能無法提升員工的 ESG 知識。,只有基礎環保意識課程,企業只提供環保意識培訓，缺乏具體的碳管理技能培訓。,針對特定部門培訓,只對特定部門（如門市或物流）進行培訓，可能無法實現全員減排。,設有完整培訓計畫,企業已建立碳管理專業培訓計劃，涵蓋所有業務環節，確保減排行動全面落實。,不知道/不確定,若不確定，建議先從基礎環保課程開始，逐步建立碳管理培訓計劃。,是否包含碳排知識、範疇定義、排放源舉例與盤查流程？,FALSE,TRUE,可列舉目前已提供或希望補強的訓練項目,ESG 員工教育與訓練模組,建立溫室氣體知識作為員工 ESG 意識與行動的基礎,"教育訓練, 碳排基礎, ESG能力建構",,
R002,零售業,培訓頻率與參與對象如何？,報告需求與後續行動,single,beginner,ESG 教育頻率與制度化,理解 ESG 教育是否具有制度性、定期性安排,碳管理培訓頻率決定 ESG 知識落實度。建議零售企業至少每年一次培訓，涵蓋門市、倉儲、物流、採購等，確保減排行動落實到業務流程。,無固定頻率,企業未設立培訓頻率，員工對碳管理的了解可能不夠深入。,每年一次,每年舉行一次碳管理培訓，確保員工了解最新的減碳政策。,每半年一次,每半年更新培訓內容，持續提升員工的 ESG 相關知識。,依業務需求調整,根據業務需要調整培訓頻率，但可能無法保證全員參與。,不知道/不確定,若不確定，建議至少每年進行一次全員培訓，並逐步調整頻率。,是否定期（每年/每季）？是否涵蓋門市、倉儲、總部全體或分眾？,TRUE,TRUE,可列舉不同對象（如主管、現場員工）,ESG 教育制度與落實週期,確認 ESG 教育是否落實在不同層級與部門，提高實務推動能力,"教育對象, 培訓頻率, ESG內部傳遞",,
R003,零售業,內部溝通溫室氣體進展的渠道是什麼？,報告需求與後續行動,single,beginner,ESG 內部溝通制度,評估 ESG 資訊在企業內部是否具備有效溝通管道,內部溝通機制可提升碳管理透明度。例如，建立 ESG 內部報告機制（如月度碳排放 KPI 更新），或使用企業 ESG 溝通平台（如內部網頁、KPI 追蹤系統），確保員工可即時獲得 ESG 減碳資訊。,無固定渠道,企業無固定溝通渠道，員工難以了解碳管理進展。,電郵通知,透過電子郵件通報碳排放數據，便於員工了解減排目標的達成情況。,內部會議報告,定期在內部會議中更新減排行動的進展，促進部門協作。,設立專門溝通平台,企業可設立專門的 ESG 溝通平台，便於追蹤減碳 KPI，提升管理效率。,不知道/不確定,若不確定，建議從內部會議和電郵通知開始，再逐步建立專門平台。,是否透過內部簡報、例會、公告、教育訓練傳遞？,TRUE,TRUE,可列出目前已使用的溝通管道與頻率,ESG 進展溝通與內部傳達,確認 ESG 推動是否已透過管道滲透至各單位,"ESG溝通, 員工參與, ESG內部連結",,
R004,零售業,制度文件的合規性要求是什麼？,報告需求與後續行動,single,intermediate,ESG 合規與報告標準依據,確認企業是否依循政府與國際標準制定 ESG 報告,"零售企業 ESG 碳管理文件應符合國際標準（如 ISO 14064, GRI, SBTi）及政府法規（如《氣候變遷因應法》）。合規文件可提升企業 ESG 評分，強化品牌信譽，確保減碳數據透明度。",無特定要求,企業未設立合規性要求，碳管理文件可能不符合國際標準。,依內部規範,企業依內部規範進行管理，但可能與國際標準存在差距。,依政府法規,企業依照政府法規，如《氣候變遷因應法》，進行碳排放報告。,"依國際標準 (ISO, GRI)",企業依 ISO 14064、GRI 等國際標準編制碳盤查文件，確保合規性。,不知道/不確定,若不確定，建議參考 ISO 或 GRI 標準，並考慮政府法規要求。,是否參考 ISO、GRI、TCFD、法規公告或品牌方要求？,FALSE,TRUE,可列出目前依循的制度或標準文件,文件合規與標準依據,探討零售 ESG 文件設計是否具備對標性與法規依據,"合規性, 標準對應, ESG文件設計",,
R005,零售業,架構支持的資源分配如何？,報告需求與後續行動,single,intermediate,ESG 資源配置與預算設計,評估企業是否已編列資源或預算支持碳排管理措施,"碳管理需人力與預算支持，如智慧電表、IoT 碳監測、供應鏈碳數據分析。大型零售業（如 IKEA, Walmart）將碳管理納入企業戰略，以確保長期競爭力。",無特定資源,企業未分配專項資源，可能影響碳管理的有效性。,由財務部門決定,財務部門分配碳管理預算，可能無法全面支持減碳行動。,設有專門預算,企業已設立專項預算，支持碳管理和減碳計劃的實施。,碳管理納入企業戰略,碳管理被納入企業的長期發展策略中，確保可持續減碳。,不知道/不確定,若不確定，建議先設立基本預算，再根據企業需求調整資源分配。,是否已配置專職、專責預算、工具系統、教育資源？,TRUE,TRUE,可說明目前投入資源項目與規模,ESG 資源配置與推動支持,評估碳管理是否有足夠制度與人力支援基礎,"預算投入, 專人支援, 工具導入",,
R006,零售業,法規要求與合規性檢查如何？,報告需求與後續行動,single,intermediate,ESG 合規稽核與管理制度,確認 ESG 管理是否導入定期稽核與第三方驗證機制,企業需符合當地法規（如《氣候變遷因應法》）並定期審查 ESG/碳排數據合規性，以降低風險、避免罰款。例如，大型零售企業須向政府提交 ESG 碳報告。,無特定檢查,企業未設立定期合規檢查機制，可能無法達到法規要求。,依內部政策檢查,企業依照內部政策進行檢查，但可能未涵蓋所有法規要求。,依政府規範,根據政府法規定期審查，確保符合如《氣候變遷因應法》等規範。,由第三方驗證,透過第三方機構（如 SGS、DNV）進行外部審查，確保數據準確性與法規合規性。,不知道/不確定,若不確定，建議從政府規範出發，設立合規性檢查機制。,是否定期自評？是否對應國內法規、品牌稽核或國際框架？,TRUE,TRUE,若有依循項目可列出（如碳費、揭露義務）,ESG 合規檢核與回應架構,確認 ESG 管理是否與外部政策接軌、定期進行風險控管,"合規檢查, ESG法遵, 碳政策回應",,
R007,零售業,文件管理預算估算是多少？,報告需求與後續行動,single,intermediate,ESG 預算配置,評估企業是否有預算編列支持碳管理與制度建構,企業碳管理預算應涵蓋碳排放數據平台、ERP 整合、外部驗證等，確保數據準確性與透明度。例如 CDP、SBTi 合規企業通常投入 10-50 萬管理碳數據。,無預算,企業未分配專項預算，可能影響碳管理的實施與有效性。,低於10萬,企業預算有限，可能僅支持基礎數據管理與簡單碳排查。,10-50萬,企業設有中等預算，用於數據平台、ERP 整合與初步驗證等。,超過50萬,大型企業投入超過 50 萬，支持全面碳排放管理與國際認證。,不知道/不確定,若不確定，建議至少設立 10 萬預算，涵蓋基本碳管理需求。,是否列入年度預算？是否區分人力、顧問、驗證與系統費用？,TRUE,TRUE,可說明你們如何編列與追蹤預算,文件管理與 ESG 預算編列,探討 ESG 文件是否納入正式預算與財務控制體系,"預算編列, 成本估算, ESG運作支出",,
R008,零售業,程序文件的更新周期是什麼？,報告需求與後續行動,single,beginner,ESG 文件更新頻率,檢視企業 ESG 文檔是否具備定期更新與維護制度,零售業 ESG 文件應至少每年更新一次，確保符合 ISO 14064、GRI、CDP 等標準。ESG 企業可根據供應鏈變化或減排行動進度動態調整報告內容。,無固定周期,企業未設立固定更新周期，文件可能過時或不符合最新標準。,每年更新一次,每年更新碳管理文件，保持與國際標準一致。,每半年更新一次,企業每半年檢討並更新文件，以確保內容的時效性與精確性。,依內部審查結果調整,企業根據內部審查與碳排放進度動態調整文件內容，保持靈活性。,不知道/不確定,若不確定，建議至少每年更新一次文件，保持合規性。,是否每半年或每年更新一次？是否依據法規、集團或流程更新？,FALSE,TRUE,若尚未建立可填「不定期」或「視需求」,文件更新週期與維護制度,評估 ESG 管理流程是否有穩定維運制度與文件追蹤,"更新頻率, 維運流程, ESG文檔週期",,
R009,零售業,是否已有內部定期檢討碳排放表現的會議或制度？,報告需求與後續行動,single,intermediate,ESG 碳排成效檢討制度,評估企業是否對碳績效進行制度化與指標化的定期檢討,"碳排放管理應納入企業 KPI 追蹤機制。例如，大型零售業（如 H&M, Uniqlo）已設立 ESG 內部審查會議，定期檢討門市與供應鏈減排進展。",沒有,企業未設立內部檢討機制，可能無法有效追蹤減排進展。,偶爾召開,偶爾舉行會議，但可能無法及時調整碳管理策略。,定期每年檢討,每年檢討一次碳排放表現，並根據結果調整減排行動。,已建立完整制度,企業設立完整的碳排放檢討與追蹤機制，確保減碳目標的達成。,不知道/不確定,若不確定，建議從年度檢討會議開始，逐步建立檢討機制。,是否每月或每季召開？是否納入 ESG 報表或改善方案討論？,FALSE,TRUE,可說明目前檢討會議的頻率與單位參與,ESG 碳績效管理與檢討制度,評估企業是否建立制度化的排放績效追蹤與檢討流程,"績效檢討, ESG會議, 碳表現追蹤",,
R010,零售業,公司內部是否建立了碳排放績效追蹤指標或KPI？,報告需求與後續行動,single,intermediate,ESG KPI 指標建置,判斷企業是否設立與追蹤碳管理成效的量化指標,零售企業 ESG KPI 例如單店碳排放（kgCO₂e/坪）、物流運輸碳足跡（gCO₂e/km）、可再生能源使用率，定期監測以提升減排行動成效。,沒有,企業未設立碳排放績效指標，難以衡量減碳成效。,已建立但未定期追蹤,設立了指標，但未定期監測或未更新指標值。,設有完整 KPI 並定期檢討,每年檢討並更新 KPI，確保碳管理措施的實施與改進。,不知道/不確定,若不確定，建議設立基本 KPI 並定期檢討其達成情況。,,,是否含數值目標、單位用量指標、節能量或減排趨勢？,FALSE,TRUE,可列出現有 KPI 名稱與監控方式,ESG 指標設計與績效管理,建立企業可持續追蹤 ESG 表現的能力，強化改善與稽核依據,"減碳KPI, ESG監控, 效能追蹤",,
R011,零售業,是否希望報告中加入碳排放歷史趨勢分析？,報告需求與後續行動,single,beginner,報告內容擴充：趨勢圖,探討企業是否具備追溯性資料並納入趨勢解讀能力,歷史趨勢分析可找出異常排放點，例如用電高峰期、物流碳排變動趨勢，協助企業優化節能措施、調整供應鏈運輸策略。,不需要,企業不需歷史趨勢分析，專注於當前數據即可。,需要基本趨勢圖,企業希望簡單顯示碳排放變化，方便理解排放趨勢。,需要詳細趨勢分析,企業希望深入分析各階段的碳排放趨勢，精確找出異常與改善機會。,不知道/不確定,若不確定，建議從基本趨勢圖開始，再逐步深入分析。,,,"是否呈現過去年度變化？, 是否以圖表方式輔助理解？",FALSE,TRUE,可說明希望涵蓋的年度或趨勢資料,碳趨勢分析與視覺化溝通,確認 ESG 報告是否需呈現趨勢變化，提升可讀性與可操作性,"歷史趨勢, 圖表分析, ESG溝通設計",,
R012,零售業,是否希望報告中加入減碳策略及具體建議方案？,報告需求與後續行動,single,beginner,減碳策略建議內容,探討使用者對於報告中提供實用減碳建議的期待程度,減碳策略可包含門市節能照明（LED改造）、供應鏈低碳運輸（電動車配送）、綠色採購（環保包裝），幫助企業提升 ESG 競爭力。,不需要,企業無需減碳策略，專注於數據報告即可。,需要一般建議,企業希望得到基本的減碳建議，提升現有減排行動。,需要針對產業特化的建議,企業希望根據零售業特點獲得專業的減碳建議，如電商與物流優化。,不知道/不確定,若不確定，建議從一般建議開始，逐步優化減碳策略。,,,是否希望依照排放熱點建議設備、物流、採購或包裝改善方案？,TRUE,TRUE,可說明希望聚焦的減碳領域（如冷藏、照明）,減碳建議與策略設計,確認 ESG 報告是否需提供具體行動指引，支援企業改善執行力,"改善建議, 策略對應, ESG報告應用",,
R013,零售業,是否希望報告內容可用於對外溝通？,報告需求與後續行動,single,intermediate,ESG 對外揭露與公開用途,評估企業是否計畫將 ESG 成果整合為對外揭露內容,零售業可在官網/產品標籤上公開 ESG 數據，如碳足跡標示（kgCO₂e/件）、綠電比例，或納入企業 CDP/GRI 永續報告書，提升品牌形象。,只做內部使用,企業僅進行內部使用，未考慮公開 ESG 數據。,需要對客戶公開,企業希望公開碳排放數據，提升顧客信任與品牌透明度。,需要納入永續報告書,企業希望將碳排數據納入永續報告書，展示減碳成果。,不知道/不確定,若不確定，建議先從內部使用開始，逐步開放對外溝通。,,,是否需簡化版本供顧客、供應商、主管機關參考？,FALSE,TRUE,可說明主要對象與應用場景,對外傳達與 ESG 品牌溝通,評估 ESG 報告是否可作為外部傳播、永續形象與溝通工具,"對外溝通, ESG摘要, 品牌形象",,
R014,零售業,是否希望報告包含產業對標資訊或競爭分析？,報告需求與後續行動,single,beginner,ESG 同業對標分析,判斷企業是否有意將 ESG 表現與同業作比較與分析,零售業可參考同業最佳 ESG 減碳做法（如 Nike、H&M、IKEA 碳管理案例），找出自身改善機會。例如，對比競爭對手在綠色物流、能源效率、供應鏈減碳策略上的表現。,不需要,企業不需要進行產業對標，專注於內部數據即可。,需要基本對標數據,企業希望對比同業的碳排數據，了解自身優劣勢。,需要詳細競爭分析,企業希望進行深入競爭分析，從各方面比較碳管理表現。,不知道/不確定,若不確定，建議從基本對標開始，再逐步深入競爭分析。,,,"是否需對比同業或產業平均？, 是否針對類似規模進行比較？",FALSE,TRUE,若有標竿參考單位請說明（如品牌、業界）,對標比較與策略定位,確認 ESG 報告是否強化產業對標分析，提供決策與評比依據,"同業比較, ESG競爭力, 對標分析",,
R015,零售業,是否希望報告包含明確的下一步建議行動？,報告需求與後續行動,single,intermediate,ESG 行動規劃與時程設計,探討企業是否需外部顧問協助制定可執行的永續計畫,企業可設立短期（1年內）—更換 LED 照明、中期（3年內）—提升綠電使用率、長期（5-10年內）—達成碳中和，確保 ESG 減碳目標落實。,不需要,企業無需設置具體行動計畫，專注於當前數據。,需要一般建議,企業希望得到基本的減碳行動建議，提升減排行動的方向。,需要詳細行動清單,企業希望得到具體的行動清單，確保各階段目標的落實與達成。,不知道/不確定,若不確定，建議從基本建議開始，再制定詳細的行動計劃。,,,,,,,,,,,
,,,,,,,,,,,,,,,,,,,,,,,,,,,
,,,,,,,,,,,,,,,,,,,,,,,,,,,
,,,,,,,,,,,,,,,,,,,,,,,,,,,
,,,,,,,,,,,,,,,,,,,,,,,,,,,
,,,,,,,,,,,,,,,,,,,,,,,,,,,
,,,,,,,,,,,,,,,,,,,,,,,,,,,
,,,,,,,,,,,,,,,,,,,,,,,,,,,
,,,,,,,,,,,,,,,,,,,,,,,,,,,
,,,,,,,,,,,,,,,,,,,,,,,,,,,
,,,,,,,,,,,,,,,,,,,,,,,,,,,
,,,,,,,,,,,,,,,,,,,,,,,,,,,
,,,,,,,,,,,,,,,,,,,,,,,,,,,
,,,,,,,,,,,,,,,,,,,,,,,,,,,
,,,,,,,,,,,,,,,,,,,,,,,,,,,
,,,,,,,,,,,,,,,,,,,,,,,,,,,
,,,,,,,,,,,,,,,,,,,,,,,,,,,
,,,,,,,,,,,,,,,,,,,,,,,,,,,
,,,,,,,,,,,,,,,,,,,,,,,,,,,
,,,,,,,,,,,,,,,,,,,,,,,,,,,
,,,,,,,,,,,,,,,,,,,,,,,,,,,
,,,,,,,,,,,,,,,,,,,,,,,,,,,
,,,,,,,,,,,,,,,,,,,,,,,,,,,
,,,,,,,,,,,,,,,,,,,,,,,,,,,
,,,,,,,,,,,,,,,,,,,,,,,,,,,
,,,,,,,,,,,,,,,,,,,,,,,,,,,
,,,,,,,,,,,,,,,,,,,,,,,,,,,
,,,,,,,,,,,,,,,,,,,,,,,,,,,
,,,,,,,,,,,,,,,,,,,,,,,,,,,
,,,,,,,,,,,,,,,,,,,,,,,,,,,
,,,,,,,,,,,,,,,,,,,,,,,,,,,
,,,,,,,,,,,,,,,,,,,,,,,,,,,
,,,,,,,,,,,,,,,,,,,,,,,,,,,
,,,,,,,,,,,,,,,,,,,,,,,,,,,
,,,,,,,,,,,,,,,,,,,,,,,,,,,
,,,,,,,,,,,,,,,,,,,,,,,,,,,
,,,,,,,,,,,,,,,,,,,,,,,,,,,
,,,,,,,,,,,,,,,,,,,,,,,,,,,
,,,,,,,,,,,,,,,,,,,,,,,,,,,
,,,,,,,,,,,,,,,,,,,,,,,,,,,
,,,,,,,,,,,,,,,,,,,,,,,,,,,
,,,,,,,,,,,,,,,,,,,,,,,,,,,
,,,,,,,,,,,,,,,,,,,,,,,,,,,
,,,,,,,,,,,,,,,,,,,,,,,,,,,
,,,,,,,,,,,,,,,,,,,,,,,,,,,
,,,,,,,,,,,,,,,,,,,,,,,,,,,
,,,,,,,,,,,,,,,,,,,,,,,,,,,
,,,,,,,,,,,,,,,,,,,,,,,,,,,
,,,,,,,,,,,,,,,,,,,,,,,,,,,
,,,,,,,,,,,,,,,,,,,,,,,,,,,
,,,,,,,,,,,,,,,,,,,,,,,,,,,
,,,,,,,,,,,,,,,,,,,,,,,,,,,
,,,,,,,,,,,,,,,,,,,,,,,,,,,
,,,,,,,,,,,,,,,,,,,,,,,,,,,
,,,,,,,,,,,,,,,,,,,,,,,,,,,
,,,,,,,,,,,,,,,,,,,,,,,,,,,
,,,,,,,,,,,,,,,,,,,,,,,,,,,
,,,,,,,,,,,,,,,,,,,,,,,,,,,
,,,,,,,,,,,,,,,,,,,,,,,,,,,
,,,,,,,,,,,,,,,,,,,,,,,,,,,
,,,,,,,,,,,,,,,,,,,,,,,,,,,
,,,,,,,,,,,,,,,,,,,,,,,,,,,
,,,,,,,,,,,,,,,,,,,,,,,,,,,
,,,,,,,,,,,,,,,,,,,,,,,,,,,
,,,,,,,,,,,,,,,,,,,,,,,,,,,
,,,,,,,,,,,,,,,,,,,,,,,,,,,
,,,,,,,,,,,,,,,,,,,,,,,,,,,
,,,,,,,,,,,,,,,,,,,,,,,,,,,
,,,,,,,,,,,,,,,,,,,,,,,,,,,
,,,,,,,,,,,,,,,,,,,,,,,,,,,
,,,,,,,,,,,,,,,,,,,,,,,,,,,
,,,,,,,,,,,,,,,,,,,,,,,,,,,
,,,,,,,,,,,,,,,,,,,,,,,,,,,
,,,,,,,,,,,,,,,,,,,,,,,,,,,
,,,,,,,,,,,,,,,,,,,,,,,,,,,
,,,,,,,,,,,,,,,,,,,,,,,,,,,
,,,,,,,,,,,,,,,,,,,,,,,,,,,
,,,,,,,,,,,,,,,,,,,,,,,,,,,
,,,,,,,,,,,,,,,,,,,,,,,,,,,
,,,,,,,,,,,,,,,,,,,,,,,,,,,
,,,,,,,,,,,,,,,,,,,,,,,,,,,
,,,,,,,,,,,,,,,,,,,,,,,,,,,
,,,,,,,,,,,,,,,,,,,,,,,,,,,
,,,,,,,,,,,,,,,,,,,,,,,,,,,
,,,,,,,,,,,,,,,,,,,,,,,,,,,
,,,,,,,,,,,,,,,,,,,,,,,,,,,
,,,,,,,,,,,,,,,,,,,,,,,,,,,
,,,,,,,,,,,,,,,,,,,,,,,,,,,
,,,,,,,,,,,,,,,,,,,,,,,,,,,
,,,,,,,,,,,,,,,,,,,,,,,,,,,
,,,,,,,,,,,,,,,,,,,,,,,,,,,
,,,,,,,,,,,,,,,,,,,,,,,,,,,
,,,,,,,,,,,,,,,,,,,,,,,,,,,
,,,,,,,,,,,,,,,,,,,,,,,,,,,
,,,,,,,,,,,,,,,,,,,,,,,,,,,
,,,,,,,,,,,,,,,,,,,,,,,,,,,
,,,,,,,,,,,,,,,,,,,,,,,,,,,
,,,,,,,,,,,,,,,,,,,,,,,,,,,
,,,,,,,,,,,,,,,,,,,,,,,,,,,
,,,,,,,,,,,,,,,,,,,,,,,,,,,
,,,,,,,,,,,,,,,,,,,,,,,,,,,
,,,,,,,,,,,,,,,,,,,,,,,,,,,
,,,,,,,,,,,,,,,,,,,,,,,,,,,
,,,,,,,,,,,,,,,,,,,,,,,,,,,
,,,,,,,,,,,,,,,,,,,,,,,,,,,
,,,,,,,,,,,,,,,,,,,,,,,,,,,
,,,,,,,,,,,,,,,,,,,,,,,,,,,
,,,,,,,,,,,,,,,,,,,,,,,,,,,
,,,,,,,,,,,,,,,,,,,,,,,,,,,
,,,,,,,,,,,,,,,,,,,,,,,,,,,
,,,,,,,,,,,,,,,,,,,,,,,,,,,
,,,,,,,,,,,,,,,,,,,,,,,,,,,
,,,,,,,,,,,,,,,,,,,,,,,,,,,
,,,,,,,,,,,,,,,,,,,,,,,,,,,
,,,,,,,,,,,,,,,,,,,,,,,,,,,
,,,,,,,,,,,,,,,,,,,,,,,,,,,
,,,,,,,,,,,,,,,,,,,,,,,,,,,
,,,,,,,,,,,,,,,,,,,,,,,,,,,
,,,,,,,,,,,,,,,,,,,,,,,,,,,
,,,,,,,,,,,,,,,,,,,,,,,,,,,
,,,,,,,,,,,,,,,,,,,,,,,,,,,
,,,,,,,,,,,,,,,,,,,,,,,,,,,
,,,,,,,,,,,,,,,,,,,,,,,,,,,
,,,,,,,,,,,,,,,,,,,,,,,,,,,
,,,,,,,,,,,,,,,,,,,,,,,,,,,
,,,,,,,,,,,,,,,,,,,,,,,,,,,
,,,,,,,,,,,,,,,,,,,,,,,,,,,
,,,,,,,,,,,,,,,,,,,,,,,,,,,
,,,,,,,,,,,,,,,,,,,,,,,,,,,
,,,,,,,,,,,,,,,,,,,,,,,,,,,
,,,,,,,,,,,,,,,,,,,,,,,,,,,
,,,,,,,,,,,,,,,,,,,,,,,,,,,
,,,,,,,,,,,,,,,,,,,,,,,,,,,
,,,,,,,,,,,,,,,,,,,,,,,,,,,
,,,,,,,,,,,,,,,,,,,,,,,,,,,
,,,,,,,,,,,,,,,,,,,,,,,,,,,
,,,,,,,,,,,,,,,,,,,,,,,,,,,
,,,,,,,,,,,,,,,,,,,,,,,,,,,
,,,,,,,,,,,,,,,,,,,,,,,,,,,
,,,,,,,,,,,,,,,,,,,,,,,,,,,
,,,,,,,,,,,,,,,,,,,,,,,,,,,
,,,,,,,,,,,,,,,,,,,,,,,,,,,
,,,,,,,,,,,,,,,,,,,,,,,,,,,
,,,,,,,,,,,,,,,,,,,,,,,,,,,
,,,,,,,,,,,,,,,,,,,,,,,,,,,
,,,,,,,,,,,,,,,,,,,,,,,,,,,
,,,,,,,,,,,,,,,,,,,,,,,,,,,
,,,,,,,,,,,,,,,,,,,,,,,,,,,
,,,,,,,,,,,,,,,,,,,,,,,,,,,
,,,,,,,,,,,,,,,,,,,,,,,,,,,
,,,,,,,,,,,,,,,,,,,,,,,,,,,
,,,,,,,,,,,,,,,,,,,,,,,,,,,
,,,,,,,,,,,,,,,,,,,,,,,,,,,
,,,,,,,,,,,,,,,,,,,,,,,,,,,
,,,,,,,,,,,,,,,,,,,,,,,,,,,
,,,,,,,,,,,,,,,,,,,,,,,,,,,
,,,,,,,,,,,,,,,,,,,,,,,,,,,
,,,,,,,,,,,,,,,,,,,,,,,,,,,
,,,,,,,,,,,,,,,,,,,,,,,,,,,
,,,,,,,,,,,,,,,,,,,,,,,,,,,
,,,,,,,,,,,,,,,,,,,,,,,,,,,
,,,,,,,,,,,,,,,,,,,,,,,,,,,
,,,,,,,,,,,,,,,,,,,,,,,,,,,
,,,,,,,,,,,,,,,,,,,,,,,,,,,
,,,,,,,,,,,,,,,,,,,,,,,,,,,
,,,,,,,,,,,,,,,,,,,,,,,,,,,
,,,,,,,,,,,,,,,,,,,,,,,,,,,
,,,,,,,,,,,,,,,,,,,,,,,,,,,
,,,,,,,,,,,,,,,,,,,,,,,,,,,
,,,,,,,,,,,,,,,,,,,,,,,,,,,
,,,,,,,,,,,,,,,,,,,,,,,,,,,
,,,,,,,,,,,,,,,,,,,,,,,,,,,
,,,,,,,,,,,,,,,,,,,,,,,,,,,
,,,,,,,,,,,,,,,,,,,,,,,,,,,
,,,,,,,,,,,,,,,,,,,,,,,,,,,
,,,,,,,,,,,,,,,,,,,,,,,,,,,
,,,,,,,,,,,,,,,,,,,,,,,,,,,
,,,,,,,,,,,,,,,,,,,,,,,,,,,
,,,,,,,,,,,,,,,,,,,,,,,,,,,
,,,,,,,,,,,,,,,,,,,,,,,,,,,
,,,,,,,,,,,,,,,,,,,,,,,,,,,
,,,,,,,,,,,,,,,,,,,,,,,,,,,
,,,,,,,,,,,,,,,,,,,,,,,,,,,
,,,,,,,,,,,,,,,,,,,,,,,,,,,
,,,,,,,,,,,,,,,,,,,,,,,,,,,
,,,,,,,,,,,,,,,,,,,,,,,,,,,
,,,,,,,,,,,,,,,,,,,,,,,,,,,
,,,,,,,,,,,,,,,,,,,,,,,,,,,
,,,,,,,,,,,,,,,,,,,,,,,,,,,
,,,,,,,,,,,,,,,,,,,,,,,,,,,
,,,,,,,,,,,,,,,,,,,,,,,,,,,
,,,,,,,,,,,,,,,,,,,,,,,,,,,
,,,,,,,,,,,,,,,,,,,,,,,,,,,
,,,,,,,,,,,,,,,,,,,,,,,,,,,
,,,,,,,,,,,,,,,,,,,,,,,,,,,
,,,,,,,,,,,,,,,,,,,,,,,,,,,
,,,,,,,,,,,,,,,,,,,,,,,,,,,
,,,,,,,,,,,,,,,,,,,,,,,,,,,
,,,,,,,,,,,,,,,,,,,,,,,,,,,
,,,,,,,,,,,,,,,,,,,,,,,,,,,
,,,,,,,,,,,,,,,,,,,,,,,,,,,
,,,,,,,,,,,,,,,,,,,,,,,,,,,
,,,,,,,,,,,,,,,,,,,,,,,,,,,
,,,,,,,,,,,,,,,,,,,,,,,,,,,
,,,,,,,,,,,,,,,,,,,,,,,,,,,
,,,,,,,,,,,,,,,,,,,,,,,,,,,
,,,,,,,,,,,,,,,,,,,,,,,,,,,
,,,,,,,,,,,,,,,,,,,,,,,,,,,
,,,,,,,,,,,,,,,,,,,,,,,,,,,
,,,,,,,,,,,,,,,,,,,,,,,,,,,
,,,,,,,,,,,,,,,,,,,,,,,,,,,
,,,,,,,,,,,,,,,,,,,,,,,,,,,
,,,,,,,,,,,,,,,,,,,,,,,,,,,
,,,,,,,,,,,,,,,,,,,,,,,,,,,
,,,,,,,,,,,,,,,,,,,,,,,,,,,
,,,,,,,,,,,,,,,,,,,,,,,,,,,
,,,,,,,,,,,,,,,,,,,,,,,,,,,
,,,,,,,,,,,,,,,,,,,,,,,,,,,
,,,,,,,,,,,,,,,,,,,,,,,,,,,
,,,,,,,,,,,,,,,,,,,,,,,,,,,
,,,,,,,,,,,,,,,,,,,,,,,,,,,
,,,,,,,,,,,,,,,,,,,,,,,,,,,
,,,,,,,,,,,,,,,,,,,,,,,,,,,
,,,,,,,,,,,,,,,,,,,,,,,,,,,
,,,,,,,,,,,,,,,,,,,,,,,,,,,
,,,,,,,,,,,,,,,,,,,,,,,,,,,
,,,,,,,,,,,,,,,,,,,,,,,,,,,
,,,,,,,,,,,,,,,,,,,,,,,,,,,
,,,,,,,,,,,,,,,,,,,,,,,,,,,
,,,,,,,,,,,,,,,,,,,,,,,,,,,
,,,,,,,,,,,,,,,,,,,,,,,,,,,
,,,,,,,,,,,,,,,,,,,,,,,,,,,
,,,,,,,,,,,,,,,,,,,,,,,,,,,
,,,,,,,,,,,,,,,,,,,,,,,,,,,
,,,,,,,,,,,,,,,,,,,,,,,,,,,
,,,,,,,,,,,,,,,,,,,,,,,,,,,
,,,,,,,,,,,,,,,,,,,,,,,,,,,
,,,,,,,,,,,,,,,,,,,,,,,,,,,
,,,,,,,,,,,,,,,,,,,,,,,,,,,
,,,,,,,,,,,,,,,,,,,,,,,,,,,
,,,,,,,,,,,,,,,,,,,,,,,,,,,
,,,,,,,,,,,,,,,,,,,,,,,,,,,
,,,,,,,,,,,,,,,,,,,,,,,,,,,
,,,,,,,,,,,,,,,,,,,,,,,,,,,
,,,,,,,,,,,,,,,,,,,,,,,,,,,
,,,,,,,,,,,,,,,,,,,,,,,,,,,
,,,,,,,,,,,,,,,,,,,,,,,,,,,
,,,,,,,,,,,,,,,,,,,,,,,,,,,
,,,,,,,,,,,,,,,,,,,,,,,,,,,
,,,,,,,,,,,,,,,,,,,,,,,,,,,
,,,,,,,,,,,,,,,,,,,,,,,,,,,
,,,,,,,,,,,,,,,,,,,,,,,,,,,
,,,,,,,,,,,,,,,,,,,,,,,,,,,
,,,,,,,,,,,,,,,,,,,,,,,,,,,
,,,,,,,,,,,,,,,,,,,,,,,,,,,
,,,,,,,,,,,,,,,,,,,,,,,,,,,
,,,,,,,,,,,,,,,,,,,,,,,,,,,
,,,,,,,,,,,,,,,,,,,,,,,,,,,
,,,,,,,,,,,,,,,,,,,,,,,,,,,
,,,,,,,,,,,,,,,,,,,,,,,,,,,
,,,,,,,,,,,,,,,,,,,,,,,,,,,
,,,,,,,,,,,,,,,,,,,,,,,,,,,
,,,,,,,,,,,,,,,,,,,,,,,,,,,
,,,,,,,,,,,,,,,,,,,,,,,,,,,
,,,,,,,,,,,,,,,,,,,,,,,,,,,
,,,,,,,,,,,,,,,,,,,,,,,,,,,
,,,,,,,,,,,,,,,,,,,,,,,,,,,
,,,,,,,,,,,,,,,,,,,,,,,,,,,
,,,,,,,,,,,,,,,,,,,,,,,,,,,
,,,,,,,,,,,,,,,,,,,,,,,,,,,
,,,,,,,,,,,,,,,,,,,,,,,,,,,
,,,,,,,,,,,,,,,,,,,,,,,,,,,
,,,,,,,,,,,,,,,,,,,,,,,,,,,
,,,,,,,,,,,,,,,,,,,,,,,,,,,
,,,,,,,,,,,,,,,,,,,,,,,,,,,
,,,,,,,,,,,,,,,,,,,,,,,,,,,
,,,,,,,,,,,,,,,,,,,,,,,,,,,
,,,,,,,,,,,,,,,,,,,,,,,,,,,
,,,,,,,,,,,,,,,,,,,,,,,,,,,
,,,,,,,,,,,,,,,,,,,,,,,,,,,
,,,,,,,,,,,,,,,,,,,,,,,,,,,
,,,,,,,,,,,,,,,,,,,,,,,,,,,
,,,,,,,,,,,,,,,,,,,,,,,,,,,
,,,,,,,,,,,,,,,,,,,,,,,,,,,
,,,,,,,,,,,,,,,,,,,,,,,,,,,
,,,,,,,,,,,,,,,,,,,,,,,,,,,
,,,,,,,,,,,,,,,,,,,,,,,,,,,
,,,,,,,,,,,,,,,,,,,,,,,,,,,
,,,,,,,,,,,,,,,,,,,,,,,,,,,
,,,,,,,,,,,,,,,,,,,,,,,,,,,
,,,,,,,,,,,,,,,,,,,,,,,,,,,
,,,,,,,,,,,,,,,,,,,,,,,,,,,
,,,,,,,,,,,,,,,,,,,,,,,,,,,
,,,,,,,,,,,,,,,,,,,,,,,,,,,
,,,,,,,,,,,,,,,,,,,,,,,,,,,
,,,,,,,,,,,,,,,,,,,,,,,,,,,
,,,,,,,,,,,,,,,,,,,,,,,,,,,
,,,,,,,,,,,,,,,,,,,,,,,,,,,
,,,,,,,,,,,,,,,,,,,,,,,,,,,
,,,,,,,,,,,,,,,,,,,,,,,,,,,
,,,,,,,,,,,,,,,,,,,,,,,,,,,
,,,,,,,,,,,,,,,,,,,,,,,,,,,
,,,,,,,,,,,,,,,,,,,,,,,,,,,
,,,,,,,,,,,,,,,,,,,,,,,,,,,
,,,,,,,,,,,,,,,,,,,,,,,,,,,
,,,,,,,,,,,,,,,,,,,,,,,,,,,
,,,,,,,,,,,,,,,,,,,,,,,,,,,
,,,,,,,,,,,,,,,,,,,,,,,,,,,
,,,,,,,,,,,,,,,,,,,,,,,,,,,
,,,,,,,,,,,,,,,,,,,,,,,,,,,
,,,,,,,,,,,,,,,,,,,,,,,,,,,
,,,,,,,,,,,,,,,,,,,,,,,,,,,
,,,,,,,,,,,,,,,,,,,,,,,,,,,
,,,,,,,,,,,,,,,,,,,,,,,,,,,
,,,,,,,,,,,,,,,,,,,,,,,,,,,
,,,,,,,,,,,,,,,,,,,,,,,,,,,
,,,,,,,,,,,,,,,,,,,,,,,,,,,
,,,,,,,,,,,,,,,,,,,,,,,,,,,
,,,,,,,,,,,,,,,,,,,,,,,,,,,
,,,,,,,,,,,,,,,,,,,,,,,,,,,
,,,,,,,,,,,,,,,,,,,,,,,,,,,
,,,,,,,,,,,,,,,,,,,,,,,,,,,
,,,,,,,,,,,,,,,,,,,,,,,,,,,
,,,,,,,,,,,,,,,,,,,,,,,,,,,
,,,,,,,,,,,,,,,,,,,,,,,,,,,
,,,,,,,,,,,,,,,,,,,,,,,,,,,
,,,,,,,,,,,,,,,,,,,,,,,,,,,
,,,,,,,,,,,,,,,,,,,,,,,,,,,
,,,,,,,,,,,,,,,,,,,,,,,,,,,
,,,,,,,,,,,,,,,,,,,,,,,,,,,
,,,,,,,,,,,,,,,,,,,,,,,,,,,
,,,,,,,,,,,,,,,,,,,,,,,,,,,
,,,,,,,,,,,,,,,,,,,,,,,,,,,
,,,,,,,,,,,,,,,,,,,,,,,,,,,
,,,,,,,,,,,,,,,,,,,,,,,,,,,
,,,,,,,,,,,,,,,,,,,,,,,,,,,
,,,,,,,,,,,,,,,,,,,,,,,,,,,
,,,,,,,,,,,,,,,,,,,,,,,,,,,
,,,,,,,,,,,,,,,,,,,,,,,,,,,
,,,,,,,,,,,,,,,,,,,,,,,,,,,
,,,,,,,,,,,,,,,,,,,,,,,,,,,
,,,,,,,,,,,,,,,,,,,,,,,,,,,
,,,,,,,,,,,,,,,,,,,,,,,,,,,
,,,,,,,,,,,,,,,,,,,,,,,,,,,
,,,,,,,,,,,,,,,,,,,,,,,,,,,
,,,,,,,,,,,,,,,,,,,,,,,,,,,
,,,,,,,,,,,,,,,,,,,,,,,,,,,
,,,,,,,,,,,,,,,,,,,,,,,,,,,
,,,,,,,,,,,,,,,,,,,,,,,,,,,
,,,,,,,,,,,,,,,,,,,,,,,,,,,
,,,,,,,,,,,,,,,,,,,,,,,,,,,
,,,,,,,,,,,,,,,,,,,,,,,,,,,
,,,,,,,,,,,,,,,,,,,,,,,,,,,
,,,,,,,,,,,,,,,,,,,,,,,,,,,
,,,,,,,,,,,,,,,,,,,,,,,,,,,
,,,,,,,,,,,,,,,,,,,,,,,,,,,
,,,,,,,,,,,,,,,,,,,,,,,,,,,
,,,,,,,,,,,,,,,,,,,,,,,,,,,
,,,,,,,,,,,,,,,,,,,,,,,,,,,
,,,,,,,,,,,,,,,,,,,,,,,,,,,
,,,,,,,,,,,,,,,,,,,,,,,,,,,
,,,,,,,,,,,,,,,,,,,,,,,,,,,
,,,,,,,,,,,,,,,,,,,,,,,,,,,
,,,,,,,,,,,,,,,,,,,,,,,,,,,
,,,,,,,,,,,,,,,,,,,,,,,,,,,
,,,,,,,,,,,,,,,,,,,,,,,,,,,
,,,,,,,,,,,,,,,,,,,,,,,,,,,
,,,,,,,,,,,,,,,,,,,,,,,,,,,
,,,,,,,,,,,,,,,,,,,,,,,,,,,
,,,,,,,,,,,,,,,,,,,,,,,,,,,
,,,,,,,,,,,,,,,,,,,,,,,,,,,
,,,,,,,,,,,,,,,,,,,,,,,,,,,
,,,,,,,,,,,,,,,,,,,,,,,,,,,
,,,,,,,,,,,,,,,,,,,,,,,,,,,
,,,,,,,,,,,,,,,,,,,,,,,,,,,
,,,,,,,,,,,,,,,,,,,,,,,,,,,
,,,,,,,,,,,,,,,,,,,,,,,,,,,
,,,,,,,,,,,,,,,,,,,,,,,,,,,
,,,,,,,,,,,,,,,,,,,,,,,,,,,
,,,,,,,,,,,,,,,,,,,,,,,,,,,
,,,,,,,,,,,,,,,,,,,,,,,,,,,
,,,,,,,,,,,,,,,,,,,,,,,,,,,
,,,,,,,,,,,,,,,,,,,,,,,,,,,
,,,,,,,,,,,,,,,,,,,,,,,,,,,
,,,,,,,,,,,,,,,,,,,,,,,,,,,
,,,,,,,,,,,,,,,,,,,,,,,,,,,
,,,,,,,,,,,,,,,,,,,,,,,,,,,
,,,,,,,,,,,,,,,,,,,,,,,,,,,
,,,,,,,,,,,,,,,,,,,,,,,,,,,
,,,,,,,,,,,,,,,,,,,,,,,,,,,
,,,,,,,,,,,,,,,,,,,,,,,,,,,
,,,,,,,,,,,,,,,,,,,,,,,,,,,
,,,,,,,,,,,,,,,,,,,,,,,,,,,
,,,,,,,,,,,,,,,,,,,,,,,,,,,
,,,,,,,,,,,,,,,,,,,,,,,,,,,
,,,,,,,,,,,,,,,,,,,,,,,,,,,
,,,,,,,,,,,,,,,,,,,,,,,,,,,
,,,,,,,,,,,,,,,,,,,,,,,,,,,
,,,,,,,,,,,,,,,,,,,,,,,,,,,
,,,,,,,,,,,,,,,,,,,,,,,,,,,
,,,,,,,,,,,,,,,,,,,,,,,,,,,
,,,,,,,,,,,,,,,,,,,,,,,,,,,
,,,,,,,,,,,,,,,,,,,,,,,,,,,
,,,,,,,,,,,,,,,,,,,,,,,,,,,
,,,,,,,,,,,,,,,,,,,,,,,,,,,
,,,,,,,,,,,,,,,,,,,,,,,,,,,
,,,,,,,,,,,,,,,,,,,,,,,,,,,
,,,,,,,,,,,,,,,,,,,,,,,,,,,
,,,,,,,,,,,,,,,,,,,,,,,,,,,
,,,,,,,,,,,,,,,,,,,,,,,,,,,
,,,,,,,,,,,,,,,,,,,,,,,,,,,
,,,,,,,,,,,,,,,,,,,,,,,,,,,
,,,,,,,,,,,,,,,,,,,,,,,,,,,
,,,,,,,,,,,,,,,,,,,,,,,,,,,
,,,,,,,,,,,,,,,,,,,,,,,,,,,
,,,,,,,,,,,,,,,,,,,,,,,,,,,
,,,,,,,,,,,,,,,,,,,,,,,,,,,
,,,,,,,,,,,,,,,,,,,,,,,,,,,
,,,,,,,,,,,,,,,,,,,,,,,,,,,
,,,,,,,,,,,,,,,,,,,,,,,,,,,
,,,,,,,,,,,,,,,,,,,,,,,,,,,
,,,,,,,,,,,,,,,,,,,,,,,,,,,
,,,,,,,,,,,,,,,,,,,,,,,,,,,
,,,,,,,,,,,,,,,,,,,,,,,,,,,
,,,,,,,,,,,,,,,,,,,,,,,,,,,
,,,,,,,,,,,,,,,,,,,,,,,,,,,
,,,,,,,,,,,,,,,,,,,,,,,,,,,
,,,,,,,,,,,,,,,,,,,,,,,,,,,
,,,,,,,,,,,,,,,,,,,,,,,,,,,
,,,,,,,,,,,,,,,,,,,,,,,,,,,
,,,,,,,,,,,,,,,,,,,,,,,,,,,
,,,,,,,,,,,,,,,,,,,,,,,,,,,
,,,,,,,,,,,,,,,,,,,,,,,,,,,
,,,,,,,,,,,,,,,,,,,,,,,,,,,
,,,,,,,,,,,,,,,,,,,,,,,,,,,
,,,,,,,,,,,,,,,,,,,,,,,,,,,
,,,,,,,,,,,,,,,,,,,,,,,,,,,
,,,,,,,,,,,,,,,,,,,,,,,,,,,
,,,,,,,,,,,,,,,,,,,,,,,,,,,
,,,,,,,,,,,,,,,,,,,,,,,,,,,
,,,,,,,,,,,,,,,,,,,,,,,,,,,
,,,,,,,,,,,,,,,,,,,,,,,,,,,
,,,,,,,,,,,,,,,,,,,,,,,,,,,
,,,,,,,,,,,,,,,,,,,,,,,,,,,
,,,,,,,,,,,,,,,,,,,,,,,,,,,
,,,,,,,,,,,,,,,,,,,,,,,,,,,
,,,,,,,,,,,,,,,,,,,,,,,,,,,
,,,,,,,,,,,,,,,,,,,,,,,,,,,
,,,,,,,,,,,,,,,,,,,,,,,,,,,
,,,,,,,,,,,,,,,,,,,,,,,,,,,
,,,,,,,,,,,,,,,,,,,,,,,,,,,
,,,,,,,,,,,,,,,,,,,,,,,,,,,
,,,,,,,,,,,,,,,,,,,,,,,,,,,
,,,,,,,,,,,,,,,,,,,,,,,,,,,
,,,,,,,,,,,,,,,,,,,,,,,,,,,
,,,,,,,,,,,,,,,,,,,,,,,,,,,
,,,,,,,,,,,,,,,,,,,,,,,,,,,
,,,,,,,,,,,,,,,,,,,,,,,,,,,
,,,,,,,,,,,,,,,,,,,,,,,,,,,
,,,,,,,,,,,,,,,,,,,,,,,,,,,
,,,,,,,,,,,,,,,,,,,,,,,,,,,
,,,,,,,,,,,,,,,,,,,,,,,,,,,
,,,,,,,,,,,,,,,,,,,,,,,,,,,
,,,,,,,,,,,,,,,,,,,,,,,,,,,
,,,,,,,,,,,,,,,,,,,,,,,,,,,
,,,,,,,,,,,,,,,,,,,,,,,,,,,
,,,,,,,,,,,,,,,,,,,,,,,,,,,
,,,,,,,,,,,,,,,,,,,,,,,,,,,
,,,,,,,,,,,,,,,,,,,,,,,,,,,
,,,,,,,,,,,,,,,,,,,,,,,,,,,
,,,,,,,,,,,,,,,,,,,,,,,,,,,
,,,,,,,,,,,,,,,,,,,,,,,,,,,
,,,,,,,,,,,,,,,,,,,,,,,,,,,
,,,,,,,,,,,,,,,,,,,,,,,,,,,
,,,,,,,,,,,,,,,,,,,,,,,,,,,
,,,,,,,,,,,,,,,,,,,,,,,,,,,
,,,,,,,,,,,,,,,,,,,,,,,,,,,
,,,,,,,,,,,,,,,,,,,,,,,,,,,
,,,,,,,,,,,,,,,,,,,,,,,,,,,
,,,,,,,,,,,,,,,,,,,,,,,,,,,
,,,,,,,,,,,,,,,,,,,,,,,,,,,
,,,,,,,,,,,,,,,,,,,,,,,,,,,
,,,,,,,,,,,,,,,,,,,,,,,,,,,
,,,,,,,,,,,,,,,,,,,,,,,,,,,
,,,,,,,,,,,,,,,,,,,,,,,,,,,
,,,,,,,,,,,,,,,,,,,,,,,,,,,
,,,,,,,,,,,,,,,,,,,,,,,,,,,
,,,,,,,,,,,,,,,,,,,,,,,,,,,
,,,,,,,,,,,,,,,,,,,,,,,,,,,
,,,,,,,,,,,,,,,,,,,,,,,,,,,
,,,,,,,,,,,,,,,,,,,,,,,,,,,
,,,,,,,,,,,,,,,,,,,,,,,,,,,
,,,,,,,,,,,,,,,,,,,,,,,,,,,
,,,,,,,,,,,,,,,,,,,,,,,,,,,
,,,,,,,,,,,,,,,,,,,,,,,,,,,
,,,,,,,,,,,,,,,,,,,,,,,,,,,
,,,,,,,,,,,,,,,,,,,,,,,,,,,
,,,,,,,,,,,,,,,,,,,,,,,,,,,
,,,,,,,,,,,,,,,,,,,,,,,,,,,
,,,,,,,,,,,,,,,,,,,,,,,,,,,
,,,,,,,,,,,,,,,,,,,,,,,,,,,
,,,,,,,,,,,,,,,,,,,,,,,,,,,
,,,,,,,,,,,,,,,,,,,,,,,,,,,
,,,,,,,,,,,,,,,,,,,,,,,,,,,
,,,,,,,,,,,,,,,,,,,,,,,,,,,
,,,,,,,,,,,,,,,,,,,,,,,,,,,
,,,,,,,,,,,,,,,,,,,,,,,,,,,
,,,,,,,,,,,,,,,,,,,,,,,,,,,
,,,,,,,,,,,,,,,,,,,,,,,,,,,
,,,,,,,,,,,,,,,,,,,,,,,,,,,
,,,,,,,,,,,,,,,,,,,,,,,,,,,
,,,,,,,,,,,,,,,,,,,,,,,,,,,
,,,,,,,,,,,,,,,,,,,,,,,,,,,
,,,,,,,,,,,,,,,,,,,,,,,,,,,
,,,,,,,,,,,,,,,,,,,,,,,,,,,
,,,,,,,,,,,,,,,,,,,,,,,,,,,
,,,,,,,,,,,,,,,,,,,,,,,,,,,
,,,,,,,,,,,,,,,,,,,,,,,,,,,
,,,,,,,,,,,,,,,,,,,,,,,,,,,
,,,,,,,,,,,,,,,,,,,,,,,,,,,
,,,,,,,,,,,,,,,,,,,,,,,,,,,
,,,,,,,,,,,,,,,,,,,,,,,,,,,
,,,,,,,,,,,,,,,,,,,,,,,,,,,
,,,,,,,,,,,,,,,,,,,,,,,,,,,
,,,,,,,,,,,,,,,,,,,,,,,,,,,
,,,,,,,,,,,,,,,,,,,,,,,,,,,
,,,,,,,,,,,,,,,,,,,,,,,,,,,
,,,,,,,,,,,,,,,,,,,,,,,,,,,
,,,,,,,,,,,,,,,,,,,,,,,,,,,
,,,,,,,,,,,,,,,,,,,,,,,,,,,
,,,,,,,,,,,,,,,,,,,,,,,,,,,
,,,,,,,,,,,,,,,,,,,,,,,,,,,
,,,,,,,,,,,,,,,,,,,,,,,,,,,
,,,,,,,,,,,,,,,,,,,,,,,,,,,
,,,,,,,,,,,,,,,,,,,,,,,,,,,
,,,,,,,,,,,,,,,,,,,,,,,,,,,
,,,,,,,,,,,,,,,,,,,,,,,,,,,
,,,,,,,,,,,,,,,,,,,,,,,,,,,
,,,,,,,,,,,,,,,,,,,,,,,,,,,
,,,,,,,,,,,,,,,,,,,,,,,,,,,
,,,,,,,,,,,,,,,,,,,,,,,,,,,
,,,,,,,,,,,,,,,,,,,,,,,,,,,
,,,,,,,,,,,,,,,,,,,,,,,,,,,
,,,,,,,,,,,,,,,,,,,,,,,,,,,
,,,,,,,,,,,,,,,,,,,,,,,,,,,
,,,,,,,,,,,,,,,,,,,,,,,,,,,
,,,,,,,,,,,,,,,,,,,,,,,,,,,
,,,,,,,,,,,,,,,,,,,,,,,,,,,
,,,,,,,,,,,,,,,,,,,,,,,,,,,
,,,,,,,,,,,,,,,,,,,,,,,,,,,
,,,,,,,,,,,,,,,,,,,,,,,,,,,
,,,,,,,,,,,,,,,,,,,,,,,,,,,
,,,,,,,,,,,,,,,,,,,,,,,,,,,
,,,,,,,,,,,,,,,,,,,,,,,,,,,
,,,,,,,,,,,,,,,,,,,,,,,,,,,
,,,,,,,,,,,,,,,,,,,,,,,,,,,
,,,,,,,,,,,,,,,,,,,,,,,,,,,
,,,,,,,,,,,,,,,,,,,,,,,,,,,
,,,,,,,,,,,,,,,,,,,,,,,,,,,
,,,,,,,,,,,,,,,,,,,,,,,,,,,
,,,,,,,,,,,,,,,,,,,,,,,,,,,
,,,,,,,,,,,,,,,,,,,,,,,,,,,
,,,,,,,,,,,,,,,,,,,,,,,,,,,
,,,,,,,,,,,,,,,,,,,,,,,,,,,
,,,,,,,,,,,,,,,,,,,,,,,,,,,
,,,,,,,,,,,,,,,,,,,,,,,,,,,
,,,,,,,,,,,,,,,,,,,,,,,,,,,
,,,,,,,,,,,,,,,,,,,,,,,,,,,
,,,,,,,,,,,,,,,,,,,,,,,,,,,
,,,,,,,,,,,,,,,,,,,,,,,,,,,
,,,,,,,,,,,,,,,,,,,,,,,,,,,
,,,,,,,,,,,,,,,,,,,,,,,,,,,
,,,,,,,,,,,,,,,,,,,,,,,,,,,
,,,,,,,,,,,,,,,,,,,,,,,,,,,
,,,,,,,,,,,,,,,,,,,,,,,,,,,
,,,,,,,,,,,,,,,,,,,,,,,,,,,
,,,,,,,,,,,,,,,,,,,,,,,,,,,
,,,,,,,,,,,,,,,,,,,,,,,,,,,
,,,,,,,,,,,,,,,,,,,,,,,,,,,
,,,,,,,,,,,,,,,,,,,,,,,,,,,
,,,,,,,,,,,,,,,,,,,,,,,,,,,
,,,,,,,,,,,,,,,,,,,,,,,,,,,
,,,,,,,,,,,,,,,,,,,,,,,,,,,
,,,,,,,,,,,,,,,,,,,,,,,,,,,
,,,,,,,,,,,,,,,,,,,,,,,,,,,
,,,,,,,,,,,,,,,,,,,,,,,,,,,
,,,,,,,,,,,,,,,,,,,,,,,,,,,
,,,,,,,,,,,,,,,,,,,,,,,,,,,
,,,,,,,,,,,,,,,,,,,,,,,,,,,
,,,,,,,,,,,,,,,,,,,,,,,,,,,
,,,,,,,,,,,,,,,,,,,,,,,,,,,
,,,,,,,,,,,,,,,,,,,,,,,,,,,
,,,,,,,,,,,,,,,,,,,,,,,,,,,
,,,,,,,,,,,,,,,,,,,,,,,,,,,
,,,,,,,,,,,,,,,,,,,,,,,,,,,
,,,,,,,,,,,,,,,,,,,,,,,,,,,
,,,,,,,,,,,,,,,,,,,,,,,,,,,
,,,,,,,,,,,,,,,,,,,,,,,,,,,
,,,,,,,,,,,,,,,,,,,,,,,,,,,
,,,,,,,,,,,,,,,,,,,,,,,,,,,
,,,,,,,,,,,,,,,,,,,,,,,,,,,
,,,,,,,,,,,,,,,,,,,,,,,,,,,
,,,,,,,,,,,,,,,,,,,,,,,,,,,
,,,,,,,,,,,,,,,,,,,,,,,,,,,
,,,,,,,,,,,,,,,,,,,,,,,,,,,
,,,,,,,,,,,,,,,,,,,,,,,,,,,
,,,,,,,,,,,,,,,,,,,,,,,,,,,
,,,,,,,,,,,,,,,,,,,,,,,,,,,
,,,,,,,,,,,,,,,,,,,,,,,,,,,
,,,,,,,,,,,,,,,,,,,,,,,,,,,
,,,,,,,,,,,,,,,,,,,,,,,,,,,
,,,,,,,,,,,,,,,,,,,,,,,,,,,
,,,,,,,,,,,,,,,,,,,,,,,,,,,
,,,,,,,,,,,,,,,,,,,,,,,,,,,
,,,,,,,,,,,,,,,,,,,,,,,,,,,
,,,,,,,,,,,,,,,,,,,,,,,,,,,
,,,,,,,,,,,,,,,,,,,,,,,,,,,
,,,,,,,,,,,,,,,,,,,,,,,,,,,
,,,,,,,,,,,,,,,,,,,,,,,,,,,
,,,,,,,,,,,,,,,,,,,,,,,,,,,
,,,,,,,,,,,,,,,,,,,,,,,,,,,
,,,,,,,,,,,,,,,,,,,,,,,,,,,
,,,,,,,,,,,,,,,,,,,,,,,,,,,
,,,,,,,,,,,,,,,,,,,,,,,,,,,
,,,,,,,,,,,,,,,,,,,,,,,,,,,
,,,,,,,,,,,,,,,,,,,,,,,,,,,
,,,,,,,,,,,,,,,,,,,,,,,,,,,
,,,,,,,,,,,,,,,,,,,,,,,,,,,
,,,,,,,,,,,,,,,,,,,,,,,,,,,
,,,,,,,,,,,,,,,,,,,,,,,,,,,
,,,,,,,,,,,,,,,,,,,,,,,,,,,
,,,,,,,,,,,,,,,,,,,,,,,,,,,
,,,,,,,,,,,,,,,,,,,,,,,,,,,
,,,,,,,,,,,,,,,,,,,,,,,,,,,
,,,,,,,,,,,,,,,,,,,,,,,,,,,
,,,,,,,,,,,,,,,,,,,,,,,,,,,
,,,,,,,,,,,,,,,,,,,,,,,,,,,
,,,,,,,,,,,,,,,,,,,,,,,,,,,
,,,,,,,,,,,,,,,,,,,,,,,,,,,
,,,,,,,,,,,,,,,,,,,,,,,,,,,
,,,,,,,,,,,,,,,,,,,,,,,,,,,
,,,,,,,,,,,,,,,,,,,,,,,,,,,
,,,,,,,,,,,,,,,,,,,,,,,,,,,
,,,,,,,,,,,,,,,,,,,,,,,,,,,
,,,,,,,,,,,,,,,,,,,,,,,,,,,
,,,,,,,,,,,,,,,,,,,,,,,,,,,
,,,,,,,,,,,,,,,,,,,,,,,,,,,
,,,,,,,,,,,,,,,,,,,,,,,,,,,
,,,,,,,,,,,,,,,,,,,,,,,,,,,
,,,,,,,,,,,,,,,,,,,,,,,,,,,
,,,,,,,,,,,,,,,,,,,,,,,,,,,
,,,,,,,,,,,,,,,,,,,,,,,,,,,
,,,,,,,,,,,,,,,,,,,,,,,,,,,
,,,,,,,,,,,,,,,,,,,,,,,,,,,
,,,,,,,,,,,,,,,,,,,,,,,,,,,
,,,,,,,,,,,,,,,,,,,,,,,,,,,
,,,,,,,,,,,,,,,,,,,,,,,,,,,
,,,,,,,,,,,,,,,,,,,,,,,,,,,
,,,,,,,,,,,,,,,,,,,,,,,,,,,
,,,,,,,,,,,,,,,,,,,,,,,,,,,
,,,,,,,,,,,,,,,,,,,,,,,,,,,
,,,,,,,,,,,,,,,,,,,,,,,,,,,
,,,,,,,,,,,,,,,,,,,,,,,,,,,
,,,,,,,,,,,,,,,,,,,,,,,,,,,
,,,,,,,,,,,,,,,,,,,,,,,,,,,
,,,,,,,,,,,,,,,,,,,,,,,,,,,
,,,,,,,,,,,,,,,,,,,,,,,,,,,
,,,,,,,,,,,,,,,,,,,,,,,,,,,
,,,,,,,,,,,,,,,,,,,,,,,,,,,
,,,,,,,,,,,,,,,,,,,,,,,,,,,
,,,,,,,,,,,,,,,,,,,,,,,,,,,
,,,,,,,,,,,,,,,,,,,,,,,,,,,
,,,,,,,,,,,,,,,,,,,,,,,,,,,
,,,,,,,,,,,,,,,,,,,,,,,,,,,
,,,,,,,,,,,,,,,,,,,,,,,,,,,
,,,,,,,,,,,,,,,,,,,,,,,,,,,
,,,,,,,,,,,,,,,,,,,,,,,,,,,
,,,,,,,,,,,,,,,,,,,,,,,,,,,
,,,,,,,,,,,,,,,,,,,,,,,,,,,
,,,,,,,,,,,,,,,,,,,,,,,,,,,
,,,,,,,,,,,,,,,,,,,,,,,,,,,
,,,,,,,,,,,,,,,,,,,,,,,,,,,
,,,,,,,,,,,,,,,,,,,,,,,,,,,
,,,,,,,,,,,,,,,,,,,,,,,,,,,
,,,,,,,,,,,,,,,,,,,,,,,,,,,
,,,,,,,,,,,,,,,,,,,,,,,,,,,
,,,,,,,,,,,,,,,,,,,,,,,,,,,
,,,,,,,,,,,,,,,,,,,,,,,,,,,
,,,,,,,,,,,,,,,,,,,,,,,,,,,
,,,,,,,,,,,,,,,,,,,,,,,,,,,
,,,,,,,,,,,,,,,,,,,,,,,,,,,
,,,,,,,,,,,,,,,,,,,,,,,,,,,
,,,,,,,,,,,,,,,,,,,,,,,,,,,
,,,,,,,,,,,,,,,,,,,,,,,,,,,
,,,,,,,,,,,,,,,,,,,,,,,,,,,
,,,,,,,,,,,,,,,,,,,,,,,,,,,
,,,,,,,,,,,,,,,,,,,,,,,,,,,
,,,,,,,,,,,,,,,,,,,,,,,,,,,
,,,,,,,,,,,,,,,,,,,,,,,,,,,
,,,,,,,,,,,,,,,,,,,,,,,,,,,
,,,,,,,,,,,,,,,,,,,,,,,,,,,
,,,,,,,,,,,,,,,,,,,,,,,,,,,
,,,,,,,,,,,,,,,,,,,,,,,,,,,
,,,,,,,,,,,,,,,,,,,,,,,,,,,
,,,,,,,,,,,,,,,,,,,,,,,,,,,
,,,,,,,,,,,,,,,,,,,,,,,,,,,
,,,,,,,,,,,,,,,,,,,,,,,,,,,
,,,,,,,,,,,,,,,,,,,,,,,,,,,
,,,,,,,,,,,,,,,,,,,,,,,,,,,
,,,,,,,,,,,,,,,,,,,,,,,,,,,
,,,,,,,,,,,,,,,,,,,,,,,,,,,
,,,,,,,,,,,,,,,,,,,,,,,,,,,
,,,,,,,,,,,,,,,,,,,,,,,,,,,
,,,,,,,,,,,,,,,,,,,,,,,,,,,
,,,,,,,,,,,,,,,,,,,,,,,,,,,
,,,,,,,,,,,,,,,,,,,,,,,,,,,
,,,,,,,,,,,,,,,,,,,,,,,,,,,
,,,,,,,,,,,,,,,,,,,,,,,,,,,
,,,,,,,,,,,,,,,,,,,,,,,,,,,
,,,,,,,,,,,,,,,,,,,,,,,,,,,
,,,,,,,,,,,,,,,,,,,,,,,,,,,
,,,,,,,,,,,,,,,,,,,,,,,,,,,
,,,,,,,,,,,,,,,,,,,,,,,,,,,
,,,,,,,,,,,,,,,,,,,,,,,,,,,
,,,,,,,,,,,,,,,,,,,,,,,,,,,
,,,,,,,,,,,,,,,,,,,,,,,,,,,
,,,,,,,,,,,,,,,,,,,,,,,,,,,
,,,,,,,,,,,,,,,,,,,,,,,,,,,
,,,,,,,,,,,,,,,,,,,,,,,,,,,
,,,,,,,,,,,,,,,,,,,,,,,,,,,
,,,,,,,,,,,,,,,,,,,,,,,,,,,
,,,,,,,,,,,,,,,,,,,,,,,,,,,
,,,,,,,,,,,,,,,,,,,,,,,,,,,
,,,,,,,,,,,,,,,,,,,,,,,,,,,
,,,,,,,,,,,,,,,,,,,,,,,,,,,
,,,,,,,,,,,,,,,,,,,,,,,,,,,
,,,,,,,,,,,,,,,,,,,,,,,,,,,
,,,,,,,,,,,,,,,,,,,,,,,,,,,
,,,,,,,,,,,,,,,,,,,,,,,,,,,
,,,,,,,,,,,,,,,,,,,,,,,,,,,
,,,,,,,,,,,,,,,,,,,,,,,,,,,
,,,,,,,,,,,,,,,,,,,,,,,,,,,
,,,,,,,,,,,,,,,,,,,,,,,,,,,
,,,,,,,,,,,,,,,,,,,,,,,,,,,
,,,,,,,,,,,,,,,,,,,,,,,,,,,
,,,,,,,,,,,,,,,,,,,,,,,,,,,
,,,,,,,,,,,,,,,,,,,,,,,,,,,
,,,,,,,,,,,,,,,,,,,,,,,,,,,
,,,,,,,,,,,,,,,,,,,,,,,,,,,
,,,,,,,,,,,,,,,,,,,,,,,,,,,
,,,,,,,,,,,,,,,,,,,,,,,,,,,
,,,,,,,,,,,,,,,,,,,,,,,,,,,
,,,,,,,,,,,,,,,,,,,,,,,,,,,
,,,,,,,,,,,,,,,,,,,,,,,,,,,
,,,,,,,,,,,,,,,,,,,,,,,,,,,
,,,,,,,,,,,,,,,,,,,,,,,,,,,
,,,,,,,,,,,,,,,,,,,,,,,,,,,
,,,,,,,,,,,,,,,,,,,,,,,,,,,
,,,,,,,,,,,,,,,,,,,,,,,,,,,
,,,,,,,,,,,,,,,,,,,,,,,,,,,
,,,,,,,,,,,,,,,,,,,,,,,,,,,
,,,,,,,,,,,,,,,,,,,,,,,,,,,
,,,,,,,,,,,,,,,,,,,,,,,,,,,
,,,,,,,,,,,,,,,,,,,,,,,,,,,
,,,,,,,,,,,,,,,,,,,,,,,,,,,
,,,,,,,,,,,,,,,,,,,,,,,,,,,
,,,,,,,,,,,,,,,,,,,,,,,,,,,
,,,,,,,,,,,,,,,,,,,,,,,,,,,
,,,,,,,,,,,,,,,,,,,,,,,,,,,
,,,,,,,,,,,,,,,,,,,,,,,,,,,
,,,,,,,,,,,,,,,,,,,,,,,,,,,
,,,,,,,,,,,,,,,,,,,,,,,,,,,
,,,,,,,,,,,,,,,,,,,,,,,,,,,
,,,,,,,,,,,,,,,,,,,,,,,,,,,
,,,,,,,,,,,,,,,,,,,,,,,,,,,
,,,,,,,,,,,,,,,,,,,,,,,,,,,
,,,,,,,,,,,,,,,,,,,,,,,,,,,
,,,,,,,,,,,,,,,,,,,,,,,,,,,
,,,,,,,,,,,,,,,,,,,,,,,,,,,
,,,,,,,,,,,,,,,,,,,,,,,,,,,
,,,,,,,,,,,,,,,,,,,,,,,,,,,
,,,,,,,,,,,,,,,,,,,,,,,,,,,
,,,,,,,,,,,,,,,,,,,,,,,,,,,
,,,,,,,,,,,,,,,,,,,,,,,,,,,
,,,,,,,,,,,,,,,,,,,,,,,,,,,
,,,,,,,,,,,,,,,,,,,,,,,,,,,
,,,,,,,,,,,,,,,,,,,,,,,,,,,
,,,,,,,,,,,,,,,,,,,,,,,,,,,
,,,,,,,,,,,,,,,,,,,,,,,,,,,
,,,,,,,,,,,,,,,,,,,,,,,,,,,
,,,,,,,,,,,,,,,,,,,,,,,,,,,
,,,,,,,,,,,,,,,,,,,,,,,,,,,
,,,,,,,,,,,,,,,,,,,,,,,,,,,
,,,,,,,,,,,,,,,,,,,,,,,,,,,
,,,,,,,,,,,,,,,,,,,,,,,,,,,
,,,,,,,,,,,,,,,,,,,,,,,,,,,
,,,,,,,,,,,,,,,,,,,,,,,,,,,
,,,,,,,,,,,,,,,,,,,,,,,,,,,
,,,,,,,,,,,,,,,,,,,,,,,,,,,
,,,,,,,,,,,,,,,,,,,,,,,,,,,
,,,,,,,,,,,,,,,,,,,,,,,,,,,
,,,,,,,,,,,,,,,,,,,,,,,,,,,
,,,,,,,,,,,,,,,,,,,,,,,,,,,
,,,,,,,,,,,,,,,,,,,,,,,,,,,
,,,,,,,,,,,,,,,,,,,,,,,,,,,
,,,,,,,,,,,,,,,,,,,,,,,,,,,
,,,,,,,,,,,,,,,,,,,,,,,,,,,
,,,,,,,,,,,,,,,,,,,,,,,,,,,
,,,,,,,,,,,,,,,,,,,,,,,,,,,
,,,,,,,,,,,,,,,,,,,,,,,,,,,
,,,,,,,,,,,,,,,,,,,,,,,,,,,
,,,,,,,,,,,,,,,,,,,,,,,,,,,
,,,,,,,,,,,,,,,,,,,,,,,,,,,
,,,,,,,,,,,,,,,,,,,,,,,,,,,
,,,,,,,,,,,,,,,,,,,,,,,,,,,
,,,,,,,,,,,,,,,,,,,,,,,,,,,
,,,,,,,,,,,,,,,,,,,,,,,,,,,
,,,,,,,,,,,,,,,,,,,,,,,,,,,
,,,,,,,,,,,,,,,,,,,,,,,,,,,
,,,,,,,,,,,,,,,,,,,,,,,,,,,
,,,,,,,,,,,,,,,,,,,,,,,,,,,
,,,,,,,,,,,,,,,,,,,,,,,,,,,
,,,,,,,,,,,,,,,,,,,,,,,,,,,
,,,,,,,,,,,,,,,,,,,,,,,,,,,
,,,,,,,,,,,,,,,,,,,,,,,,,,,
,,,,,,,,,,,,,,,,,,,,,,,,,,,
,,,,,,,,,,,,,,,,,,,,,,,,,,,
,,,,,,,,,,,,,,,,,,,,,,,,,,,
,,,,,,,,,,,,,,,,,,,,,,,,,,,
,,,,,,,,,,,,,,,,,,,,,,,,,,,
,,,,,,,,,,,,,,,,,,,,,,,,,,,
,,,,,,,,,,,,,,,,,,,,,,,,,,,
,,,,,,,,,,,,,,,,,,,,,,,,,,,
,,,,,,,,,,,,,,,,,,,,,,,,,,,
,,,,,,,,,,,,,,,,,,,,,,,,,,,
,,,,,,,,,,,,,,,,,,,,,,,,,,,
,,,,,,,,,,,,,,,,,,,,,,,,,,,
,,,,,,,,,,,,,,,,,,,,,,,,,,,
,,,,,,,,,,,,,,,,,,,,,,,,,,,
,,,,,,,,,,,,,,,,,,,,,,,,,,,
,,,,,,,,,,,,,,,,,,,,,,,,,,,
,,,,,,,,,,,,,,,,,,,,,,,,,,,
,,,,,,,,,,,,,,,,,,,,,,,,,,,
,,,,,,,,,,,,,,,,,,,,,,,,,,,
,,,,,,,,,,,,,,,,,,,,,,,,,,,
,,,,,,,,,,,,,,,,,,,,,,,,,,,
,,,,,,,,,,,,,,,,,,,,,,,,,,,
,,,,,,,,,,,,,,,,,,,,,,,,,,,
,,,,,,,,,,,,,,,,,,,,,,,,,,,
,,,,,,,,,,,,,,,,,,,,,,,,,,,
,,,,,,,,,,,,,,,,,,,,,,,,,,,
,,,,,,,,,,,,,,,,,,,,,,,,,,,
,,,,,,,,,,,,,,,,,,,,,,,,,,,
,,,,,,,,,,,,,,,,,,,,,,,,,,,
,,,,,,,,,,,,,,,,,,,,,,,,,,,
,,,,,,,,,,,,,,,,,,,,,,,,,,,
,,,,,,,,,,,,,,,,,,,,,,,,,,,
,,,,,,,,,,,,,,,,,,,,,,,,,,,
,,,,,,,,,,,,,,,,,,,,,,,,,,,
,,,,,,,,,,,,,,,,,,,,,,,,,,,
,,,,,,,,,,,,,,,,,,,,,,,,,,,
,,,,,,,,,,,,,,,,,,,,,,,,,,,
,,,,,,,,,,,,,,,,,,,,,,,,,,,
,,,,,,,,,,,,,,,,,,,,,,,,,,,
,,,,,,,,,,,,,,,,,,,,,,,,,,,
,,,,,,,,,,,,,,,,,,,,,,,,,,,
,,,,,,,,,,,,,,,,,,,,,,,,,,,
,,,,,,,,,,,,,,,,,,,,,,,,,,,
,,,,,,,,,,,,,,,,,,,,,,,,,,,
,,,,,,,,,,,,,,,,,,,,,,,,,,,
,,,,,,,,,,,,,,,,,,,,,,,,,,,
,,,,,,,,,,,,,,,,,,,,,,,,,,,
,,,,,,,,,,,,,,,,,,,,,,,,,,,
,,,,,,,,,,,,,,,,,,,,,,,,,,,
,,,,,,,,,,,,,,,,,,,,,,,,,,,
,,,,,,,,,,,,,,,,,,,,,,,,,,,
,,,,,,,,,,,,,,,,,,,,,,,,,,,
,,,,,,,,,,,,,,,,,,,,,,,,,,,
,,,,,,,,,,,,,,,,,,,,,,,,,,,
,,,,,,,,,,,,,,,,,,,,,,,,,,,
,,,,,,,,,,,,,,,,,,,,,,,,,,,
,,,,,,,,,,,,,,,,,,,,,,,,,,,
,,,,,,,,,,,,,,,,,,,,,,,,,,,
,,,,,,,,,,,,,,,,,,,,,,,,,,,
,,,,,,,,,,,,,,,,,,,,,,,,,,,
,,,,,,,,,,,,,,,,,,,,,,,,,,,
,,,,,,,,,,,,,,,,,,,,,,,,,,,
,,,,,,,,,,,,,,,,,,,,,,,,,,,
,,,,,,,,,,,,,,,,,,,,,,,,,,,
,,,,,,,,,,,,,,,,,,,,,,,,,,,
,,,,,,,,,,,,,,,,,,,,,,,,,,,
,,,,,,,,,,,,,,,,,,,,,,,,,,,
,,,,,,,,,,,,,,,,,,,,,,,,,,,
,,,,,,,,,,,,,,,,,,,,,,,,,,,
,,,,,,,,,,,,,,,,,,,,,,,,,,,
,,,,,,,,,,,,,,,,,,,,,,,,,,,
,,,,,,,,,,,,,,,,,,,,,,,,,,,
,,,,,,,,,,,,,,,,,,,,,,,,,,,
,,,,,,,,,,,,,,,,,,,,,,,,,,,
,,,,,,,,,,,,,,,,,,,,,,,,,,,
,,,,,,,,,,,,,,,,,,,,,,,,,,,
,,,,,,,,,,,,,,,,,,,,,,,,,,,
,,,,,,,,,,,,,,,,,,,,,,,,,,,
,,,,,,,,,,,,,,,,,,,,,,,,,,,
,,,,,,,,,,,,,,,,,,,,,,,,,,,
,,,,,,,,,,,,,,,,,,,,,,,,,,,
,,,,,,,,,,,,,,,,,,,,,,,,,,,
,,,,,,,,,,,,,,,,,,,,,,,,,,,
,,,,,,,,,,,,,,,,,,,,,,,,,,,
,,,,,,,,,,,,,,,,,,,,,,,,,,,
,,,,,,,,,,,,,,,,,,,,,,,,,,,
,,,,,,,,,,,,,,,,,,,,,,,,,,,
,,,,,,,,,,,,,,,,,,,,,,,,,,,
,,,,,,,,,,,,,,,,,,,,,,,,,,,
,,,,,,,,,,,,,,,,,,,,,,,,,,,
,,,,,,,,,,,,,,,,,,,,,,,,,,,
,,,,,,,,,,,,,,,,,,,,,,,,,,,
,,,,,,,,,,,,,,,,,,,,,,,,,,,
,,,,,,,,,,,,,,,,,,,,,,,,,,,
,,,,,,,,,,,,,,,,,,,,,,,,,,,
,,,,,,,,,,,,,,,,,,,,,,,,,,,
,,,,,,,,,,,,,,,,,,,,,,,,,,,
,,,,,,,,,,,,,,,,,,,,,,,,,,,
,,,,,,,,,,,,,,,,,,,,,,,,,,,
,,,,,,,,,,,,,,,,,,,,,,,,,,,
,,,,,,,,,,,,,,,,,,,,,,,,,,,
,,,,,,,,,,,,,,,,,,,,,,,,,,,
,,,,,,,,,,,,,,,,,,,,,,,,,,,
,,,,,,,,,,,,,,,,,,,,,,,,,,,
,,,,,,,,,,,,,,,,,,,,,,,,,,,
